antecedent_id,scope,order_in_scope,heading_label,authors_expression,publication_year,primary_surname,author_tokens,context_intro,study_scope_or_scale,problem_statement,objective,methodology,evaluation_strategy,metrics_or_indicators,main_results,limitations,relevance_to_thesis,table_type_or_design,table_standard_or_technology,table_main_metrics_or_results,table_contribution_or_dimensions,figure_paths,has_figure_reference,urls_in_block,doi_candidates_in_block,source_match_status,matched_pdf_path,matched_txt_path,matched_pdf_scope,matched_txt_scope,txt_available,pdf_available,normative_file_match_warning,match_used_inferred_pair,match_top_candidates,manuscript_source_path,generated_at_utc
INT-01,international,1,ADELUSI ET AL. (2025),ADELUSI ET AL,2025,ADELUSI,ADELUSI,"proponen un framework federado basado en HL7 FHIR para el intercambio seguro entre hospitales heterogéneos, integrando principios de aprendizaje federado con gobernanza de datos y mecanismos de cumplimiento normativo.","el estudio simula un entorno con tres sistemas hospitalarios de plataformas EHR distintas, publicado en el *Engineering and Technology Journal*.",el problema se centró en la fragmentación de EHR y los riesgos de seguridad inherentes a los modelos centralizados de intercambio de datos clínicos entre múltiples hospitales con plataformas disímiles.,el objetivo se orientó a demostrar que una arquitectura federada basada en FHIR puede mejorar la interoperabilidad sin centralizar datos clínicos crudos.,"desarrollo y evaluación del framework en el entorno simulado, implementando un gateway de interoperabilidad, APIs FHIR, módulos de gestión de consentimiento y repositorios distribuidos con validación por consenso.","se aplicaron pruebas de recuperación de datos, medición de latencia, verificación de adherencia al protocolo FHIR y pruebas de escalabilidad.","se consideraron la precisión de recuperación, la latencia de respuesta, la tasa de adherencia al protocolo y la capacidad de escalamiento.","se obtuvieron más de 95 % de precisión en la recuperación de datos, una reducción de 38 % en la latencia frente a un sistema centralizado, adherencia total a protocolos FHIR y menor riesgo de brechas de datos al no transferir datos crudos.","el estudio se limita a un entorno exclusivamente simulado, sin implementación en hospitales reales; los autores proponen como trabajo futuro integrar blockchain y cifrado homomórfico.","la evidencia reportada respalda la viabilidad del intercambio FHIR entre establecimientos heterogéneos, condición afín al escenario MINSA, y aporta métricas de integridad y latencia como referente cuantitativo para la evaluación pre/post de la presente investigación.",Framework federado (simulación),HL7 FHIR,>95 % precisión; −38 % latencia,Referente de métricas para evaluación pre/post,,False,,,matched_pdf_and_txt,content/sources/international/17_03.pdf,content/sources/international/17_03.txt,international,international,True,True,False,True,"[{""score"": 77, ""path"": ""content/sources/international/17_03.txt"", ""extension"": "".txt"", ""scope"": ""international"", ""is_normative_like"": false}, {""score"": 52, ""path"": ""content/sources/international/11_formative-2025-1-e51270.txt"", ""extension"": "".txt"", ""scope"": ""international"", ""is_normative_like"": false}, {""score"": 42, ""path"": ""content/sources/international/06_Fernandez_2025_10.3389-fdgth.2025.1622302.pdf"", ""extension"": "".pdf"", ""scope"": ""international"", ""is_normative_like"": false}, {""score"": 42, ""path"": ""content/sources/international/11_formative-2025-1-e51270.pdf"", ""extension"": "".pdf"", ""scope"": ""international"", ""is_normative_like"": false}, {""score"": 30, ""path"": ""content/sources/national/07_EsparzaMorgan_2025_hdl_20.500.14005-16177.pdf"", ""extension"": "".pdf"", ""scope"": ""national"", ""is_normative_like"": false}, {""score"": 30, ""path"": ""content/sources/national/08_AriasGeronimo_2025_hdl_20.500.14005-16817.pdf"", ""extension"": "".pdf"", ""scope"": ""national"", ""is_normative_like"": false}, {""score"": 22, ""path"": ""content/sources/international/04_qxaf133.txt"", ""extension"": "".txt"", ""scope"": ""international"", ""is_normative_like"": false}, {""score"": 22, ""path"": ""content/sources/international/08_4_End-to-End Clinical Data Interoperability A Practical Implementation Blueprint Using HL7, FHIR, CCD, and EHR Integration Standards.txt"", ""extension"": "".txt"", ""scope"": ""international"", ""is_normative_like"": false}]",content/manuscript/Documento_Tesis.md,2026-04-30T02:38:19.742915+00:00
INT-02,international,2,HERYAWAN ET AL. (2025),HERYAWAN ET AL,2025,HERYAWAN,HERYAWAN,"caracterizan barreras reales de implementación FHIR en la plataforma nacional Satusehat de Indonesia, primer despliegue masivo de interoperabilidad basada en FHIR en el sudeste asiático.","el estudio abarca el primer análisis cualitativo a escala de ecosistema nacional de adopción FHIR en el sudeste asiático, con 107 incidencias documentadas en el *Developer Hub* de la plataforma Satusehat de Indonesia.","el problema se centró en dificultades técnicas recurrentes en el uso de servidores, perfiles y mapeo semántico de datos durante la adopción nacional de FHIR.",el objetivo se orientó a identificar puntos críticos de adopción e integración para mejorar el despliegue interoperable nacional.,análisis de contenido cualitativo de interacciones del grupo Telegram del Developer Hub de Satusehat y de la documentación técnica oficial (*JMIR Formative Research*).,se utilizaron categorización temática de 107 incidencias reportadas y análisis de frecuencia por categoría. Fuente de datos: mensajes del grupo Telegram del Satusehat Developer Hub.,"se consideraron frecuencia absoluta y porcentual de incidencias por categoría temática (servidor, mapeo, perfiles).","de 107 incidencias, 61 correspondieron a problemas del servidor FHIR (57 %), 37 a dificultades de mapeo de datos (34 %) y 9 a selección de perfiles (9 %). Los autores proponen una arquitectura federada con componentes FHIR writer/viewer.",fuente de datos limitada a un canal de comunicación (Telegram); podría no capturar problemas en establecimientos sin participación en dicho canal.,"los problemas de mapeo semántico y selección de perfiles son equivalentes a las brechas de *codificación* que esta tesis diagnostica. La experiencia de despliegue nacional progresivo es un referente directo para la implementación incremental en centros MINSA. La Figura 8 presenta la distribución de las 107 incidencias reportadas en la plataforma Satusehat de Indonesia, evidenciando las categorías de problemas más frecuentes durante un despliegue FHIR a escala nacional. ![Distribución de incidencias reportadas en la plataforma Satusehat de Indonesia](../media/figures/diagrama-incidencias-satusehat.png) *Nota.* Adaptado de Heryawan et al. (2025).",Análisis de contenido cualitativo,HL7 FHIR (Satusehat),"107 incidencias: servidor 57 %, mapeo 34 %, perfiles 9 %",Barreras técnicas en despliegue nacional,../media/figures/diagrama-incidencias-satusehat.png,True,,,matched_pdf_and_txt,content/sources/international/11_formative-2025-1-e51270.pdf,content/sources/international/11_formative-2025-1-e51270.txt,international,international,True,True,False,True,"[{""score"": 107, ""path"": ""content/sources/international/11_formative-2025-1-e51270.txt"", ""extension"": "".txt"", ""scope"": ""international"", ""is_normative_like"": false}, {""score"": 77, ""path"": ""content/sources/international/17_03.txt"", ""extension"": "".txt"", ""scope"": ""international"", ""is_normative_like"": false}, {""score"": 42, ""path"": ""content/sources/international/06_Fernandez_2025_10.3389-fdgth.2025.1622302.pdf"", ""extension"": "".pdf"", ""scope"": ""international"", ""is_normative_like"": false}, {""score"": 42, ""path"": ""content/sources/international/11_formative-2025-1-e51270.pdf"", ""extension"": "".pdf"", ""scope"": ""international"", ""is_normative_like"": false}, {""score"": 30, ""path"": ""content/sources/national/07_EsparzaMorgan_2025_hdl_20.500.14005-16177.pdf"", ""extension"": "".pdf"", ""scope"": ""national"", ""is_normative_like"": false}, {""score"": 30, ""path"": ""content/sources/national/08_AriasGeronimo_2025_hdl_20.500.14005-16817.pdf"", ""extension"": "".pdf"", ""scope"": ""national"", ""is_normative_like"": false}, {""score"": 22, ""path"": ""content/sources/international/04_qxaf133.txt"", ""extension"": "".txt"", ""scope"": ""international"", ""is_normative_like"": false}, {""score"": 22, ""path"": ""content/sources/international/08_4_End-to-End Clinical Data Interoperability A Practical Implementation Blueprint Using HL7, FHIR, CCD, and EHR Integration Standards.txt"", ""extension"": "".txt"", ""scope"": ""international"", ""is_normative_like"": false}]",content/manuscript/Documento_Tesis.md,2026-04-30T02:38:19.742915+00:00
INT-03,international,3,AMAR ET AL. (2024),AMAR ET AL,2024,AMAR,AMAR,"ofrecen taxonomía de seis enfoques para interoperabilidad semántica con FHIR, aportando una visión consolidada de las tendencias en integración semántica de datos clínicos.","la revisión sistemática abarca 70 estudios publicados entre 2012 y 2022 en 10 bases de datos internacionales, consolidando seis categorías de enfoques semánticos para interoperabilidad con FHIR.",el problema se centró en ausencia de consolidación sobre qué enfoques semánticos se utilizan en implementaciones FHIR y con qué peso relativo en la literatura.,el objetivo se orientó a mapear tendencias metodológicas y tecnológicas en integración semántica de datos clínicos basados en FHIR.,"revisión de mapeo sistemático de estudios publicados entre 2012 y 2022, con búsqueda en 10 bases de datos (*JMIR*).",se utilizaron extracción estandarizada de datos y clasificación por categorías de enfoque semántico; n = 70 estudios incluidos.,se consideraron distribución porcentual de enfoques semánticos por categoría y frecuencia de recursos FHIR utilizados.,"n = 70 estudios; seis categorías identificadas: mapeo (24,6 %), RDF/OWL (19,0 %), NLP/ML (15,9 %), servicios de terminología (14,3 %), anotación (14,3 %) y ontologías (11,9 %). FHIR R4B cuenta con 143 recursos organizados en 5 categorías.",cobertura solo hasta 2022; la evolución posterior de FHIR R5 y nuevas guías de implementación no están representadas.,"la taxonomía de enfoques semánticos informa la selección de estrategias de codificación para la capa FHIR piloto de esta tesis, particularmente el mapeo terminológico (CIE-10, CPMS) como enfoque dominante.",Mapeo sistemático (n = 70),FHIR semántico,"6 categorías: mapeo 24,6 %, RDF/OWL 19 %, NLP/ML 15,9 %",Taxonomía de enfoques semánticos,,False,,,matched_pdf_and_txt,content/sources/international/10_jmir-2024-1-e45209.pdf,content/sources/international/10_jmir-2024-1-e45209.txt,international,international,True,True,False,True,"[{""score"": 107, ""path"": ""content/sources/international/10_jmir-2024-1-e45209.txt"", ""extension"": "".txt"", ""scope"": ""international"", ""is_normative_like"": false}, {""score"": 107, ""path"": ""content/sources/international/12_medinform-2024-1-e58445.txt"", ""extension"": "".txt"", ""scope"": ""international"", ""is_normative_like"": false}, {""score"": 42, ""path"": ""content/sources/international/01_Gazzarata_2024_10.1016-j.ijmedinf.2024.105507.pdf"", ""extension"": "".pdf"", ""scope"": ""international"", ""is_normative_like"": false}, {""score"": 42, ""path"": ""content/sources/international/10_jmir-2024-1-e45209.pdf"", ""extension"": "".pdf"", ""scope"": ""international"", ""is_normative_like"": false}, {""score"": 42, ""path"": ""content/sources/international/12_medinform-2024-1-e58445.pdf"", ""extension"": "".pdf"", ""scope"": ""international"", ""is_normative_like"": false}, {""score"": 40, ""path"": ""content/sources/national/UNFV_FIIS_Porras Gamarra Hernan Johel_Titulo profesional_2024.txt"", ""extension"": "".txt"", ""scope"": ""national"", ""is_normative_like"": false}, {""score"": 30, ""path"": ""content/sources/national/09_SanchezCalle_2024_hdl_20.500.12866-17191.pdf"", ""extension"": "".pdf"", ""scope"": ""national"", ""is_normative_like"": false}, {""score"": 30, ""path"": ""content/sources/national/11_Bran_2024_10.3991-ijoe.v20i15.51515.pdf"", ""extension"": "".pdf"", ""scope"": ""national"", ""is_normative_like"": false}]",content/manuscript/Documento_Tesis.md,2026-04-30T02:38:19.742915+00:00
INT-04,international,4,TABARI ET AL. (2024),TABARI ET AL,2024,TABARI,TABARI,"sistematizan los modelos de datos FHIR y la priorización de recursos utilizados en implementaciones EHR, clasificando las arquitecturas de modelado en dos familias.","el scoping review abarca múltiples dominios clínicos —enfermedades crónicas, COVID-19, oncología, cuidados agudos y notas médicas— con síntesis comparativa de modelos de datos y recursos FHIR.",el problema se centró en dispersión de enfoques de modelado FHIR que dificulta el diseño coherente en proyectos de interoperabilidad clínica.,"el objetivo se orientó a describir estructuras de modelado FHIR usadas para integración, transmisión y análisis de datos clínicos.","scoping review conforme al protocolo PRISMA-ScR, con búsqueda en PubMed, Scopus, Web of Science, IEEE, ACM y Google Scholar (*JMIR Medical Informatics*).","se utilizaron matriz de extracción comparativa por tipo de modelo y recurso FHIR utilizado; síntesis por dominio clínico (enfermedades crónicas, COVID-19, oncología, cuidados agudos, notas médicas).",se consideraron frecuencia de uso de recursos FHIR y distribución de modelos por dominio clínico.,"identifican dos familias de modelos: dinámicos (basados en pipelines de transformación) y estáticos (estructuras predefinidas). Los recursos más utilizados son Observation, Condition y Patient.",revisión de alcance que no evalúa calidad metodológica de los estudios incluidos; se limita a describir tendencias sin medir efectividad comparativa.,"la identificación de Observation, Condition y Patient como los recursos más adoptados orienta directamente la selección de recursos para la capa de integración FHIR piloto de esta tesis.",Scoping review (n = 31),FHIR,"Recursos más usados: Observation, Condition, Patient",Selección de recursos para capa piloto,,False,,,matched_pdf_and_txt,content/sources/international/12_medinform-2024-1-e58445.pdf,content/sources/international/12_medinform-2024-1-e58445.txt,international,international,True,True,False,True,"[{""score"": 107, ""path"": ""content/sources/international/12_medinform-2024-1-e58445.txt"", ""extension"": "".txt"", ""scope"": ""international"", ""is_normative_like"": false}, {""score"": 52, ""path"": ""content/sources/international/10_jmir-2024-1-e45209.txt"", ""extension"": "".txt"", ""scope"": ""international"", ""is_normative_like"": false}, {""score"": 42, ""path"": ""content/sources/international/01_Gazzarata_2024_10.1016-j.ijmedinf.2024.105507.pdf"", ""extension"": "".pdf"", ""scope"": ""international"", ""is_normative_like"": false}, {""score"": 42, ""path"": ""content/sources/international/10_jmir-2024-1-e45209.pdf"", ""extension"": "".pdf"", ""scope"": ""international"", ""is_normative_like"": false}, {""score"": 42, ""path"": ""content/sources/international/12_medinform-2024-1-e58445.pdf"", ""extension"": "".pdf"", ""scope"": ""international"", ""is_normative_like"": false}, {""score"": 40, ""path"": ""content/sources/national/UNFV_FIIS_Porras Gamarra Hernan Johel_Titulo profesional_2024.txt"", ""extension"": "".txt"", ""scope"": ""national"", ""is_normative_like"": false}, {""score"": 30, ""path"": ""content/sources/national/09_SanchezCalle_2024_hdl_20.500.12866-17191.pdf"", ""extension"": "".pdf"", ""scope"": ""national"", ""is_normative_like"": false}, {""score"": 30, ""path"": ""content/sources/national/11_Bran_2024_10.3991-ijoe.v20i15.51515.pdf"", ""extension"": "".pdf"", ""scope"": ""national"", ""is_normative_like"": false}]",content/manuscript/Documento_Tesis.md,2026-04-30T02:38:19.742915+00:00
INT-05,international,5,BOSSENKO ET AL. (2024),BOSSENKO ET AL,2024,BOSSENKO,BOSSENKO,"desarrollan herramienta visual reutilizable para transformar documentos HL7 CDA hacia recursos HL7 FHIR utilizando el FHIR Mapping Language, permitiendo que expertos de dominio con mínimas habilidades técnicas especifiquen reglas de transformación.","la investigación se desarrolla en el contexto del sistema nacional de salud de Estonia (ENHIS), en el marco de la transición hacia el European Health Data Space.",el problema se centró en complejidad del mapeo CDA-FHIR para equipos clínicos y técnicos en despliegues nacionales a escala.,el objetivo se orientó a facilitar la transición nacional de interoperabilidad documental (CDA) a APIs FHIR con menor fricción técnica.,Design Science Research con desarrollo y validación aplicada en la transición del sistema nacional de Estonia (ENHIS) hacia el ecosistema del European Health Data Space (*Frontiers in Digital Health*).,"se utilizaron evaluación por expertos de dominio del ENHIS sobre usabilidad, valor operativo y capacidad de reutilización de los componentes visuales de transformación.",se consideraron valoración cualitativa de usabilidad y utilidad por parte de expertos clínicos y técnicos del sistema nacional estonio.,validación positiva de usabilidad y utilidad para transformación semántica reutilizable; los componentes visuales permiten que personal no programador defina reglas de mapeo CDA→FHIR.,evaluación basada en juicio experto cualitativo; no se reportan métricas cuantitativas de rendimiento o cobertura de los mapeos generados.,"la metodología Design Science y la transición CDA→FHIR guiada por expertos de dominio es relevante para el contexto MINSA, donde herramientas accesibles de mapeo podrían facilitar la adopción de FHIR sin requerir perfiles altamente técnicos.",Design Science Research,CDA → FHIR,Usabilidad validada por expertos del ENHIS (Estonia),Transformación accesible CDA→FHIR,,False,,,matched_pdf_and_txt,content/sources/international/13_fdgth-6-1480600.pdf,content/sources/international/13_fdgth-6-1480600.txt,international,international,True,True,False,True,"[{""score"": 77, ""path"": ""content/sources/international/13_fdgth-6-1480600.txt"", ""extension"": "".txt"", ""scope"": ""international"", ""is_normative_like"": false}, {""score"": 52, ""path"": ""content/sources/international/10_jmir-2024-1-e45209.txt"", ""extension"": "".txt"", ""scope"": ""international"", ""is_normative_like"": false}, {""score"": 52, ""path"": ""content/sources/international/12_medinform-2024-1-e58445.txt"", ""extension"": "".txt"", ""scope"": ""international"", ""is_normative_like"": false}, {""score"": 42, ""path"": ""content/sources/international/01_Gazzarata_2024_10.1016-j.ijmedinf.2024.105507.pdf"", ""extension"": "".pdf"", ""scope"": ""international"", ""is_normative_like"": false}, {""score"": 42, ""path"": ""content/sources/international/10_jmir-2024-1-e45209.pdf"", ""extension"": "".pdf"", ""scope"": ""international"", ""is_normative_like"": false}, {""score"": 42, ""path"": ""content/sources/international/12_medinform-2024-1-e58445.pdf"", ""extension"": "".pdf"", ""scope"": ""international"", ""is_normative_like"": false}, {""score"": 40, ""path"": ""content/sources/national/UNFV_FIIS_Porras Gamarra Hernan Johel_Titulo profesional_2024.txt"", ""extension"": "".txt"", ""scope"": ""national"", ""is_normative_like"": false}, {""score"": 30, ""path"": ""content/sources/national/09_SanchezCalle_2024_hdl_20.500.12866-17191.pdf"", ""extension"": "".pdf"", ""scope"": ""national"", ""is_normative_like"": false}]",content/manuscript/Documento_Tesis.md,2026-04-30T02:38:19.742915+00:00
INT-06,international,6,JAYATHISSA Y HEWAPATHRANA (2024),JAYATHISSA Y HEWAPATHRANA,2024,JAYATHISSA,JAYATHISSA; HEWAPATHRANA,"presentan caso técnico de implementación de servidor HAPI-FHIR para interoperabilidad en atención primaria en Sri Lanka, un contexto de recursos limitados comparable a países en desarrollo.","el caso técnico abarca el sistema de atención primaria de Sri Lanka, un contexto de recursos limitados directamente comparable al primer nivel de atención en países en desarrollo como Perú.","el problema se centró en sistemas de información de salud primaria no integrados, debilidades de autenticación y baja estandarización del intercambio clínico entre establecimientos.","el objetivo se orientó a mejorar la interoperabilidad entre sistemas primarios integrando identidad de pacientes (Master Patient Index), seguridad y flujo de datos estandarizado.",revisión técnica con implementación de caso de uso basada en el método ADR (Action Design Research) e integración progresiva en el sistema de salud primaria de Sri Lanka (*European Modern Studies Journal*).,se utilizaron pruebas funcionales con datasets sintéticos del HHIMS y validación de intercambio entre componentes; integración de MPI para matching probabilístico de pacientes.,"se consideraron factibilidad técnica de integración, capacidad de intercambio entre sistemas primarios y secundarios, y escalabilidad del despliegue.",factibilidad técnica confirmada para integración FHIR en primer nivel de atención con enfoque escalable; demuestran viabilidad del MPI para interconectar sistemas heterogéneos a nivel de clúster de atención.,implementación circunscrita a un caso técnico de revisión; no reporta métricas cuantitativas de rendimiento en producción.,el escenario de atención primaria con recursos limitados es directamente comparable al primer nivel del MINSA. La combinación HAPI-FHIR con MPI y despliegue progresivo informa la estrategia de implementación piloto de esta tesis.,Caso técnico (ADR),HAPI-FHIR + MPI,Factibilidad en atención primaria (Sri Lanka),Implementación piloto en contexto limitado,,False,,,matched_pdf_and_txt,"content/sources/international/18_23+Jayathissa+and+Hewapathrana,+pp.+225-241.pdf","content/sources/international/18_23+Jayathissa+and+Hewapathrana,+pp.+225-241.txt",international,international,True,True,False,False,"[{""score"": 277, ""path"": ""content/sources/international/18_23+Jayathissa+and+Hewapathrana,+pp.+225-241.txt"", ""extension"": "".txt"", ""scope"": ""international"", ""is_normative_like"": false}, {""score"": 202, ""path"": ""content/sources/international/18_23+Jayathissa+and+Hewapathrana,+pp.+225-241.pdf"", ""extension"": "".pdf"", ""scope"": ""international"", ""is_normative_like"": false}, {""score"": 52, ""path"": ""content/sources/international/10_jmir-2024-1-e45209.txt"", ""extension"": "".txt"", ""scope"": ""international"", ""is_normative_like"": false}, {""score"": 52, ""path"": ""content/sources/international/12_medinform-2024-1-e58445.txt"", ""extension"": "".txt"", ""scope"": ""international"", ""is_normative_like"": false}, {""score"": 42, ""path"": ""content/sources/international/01_Gazzarata_2024_10.1016-j.ijmedinf.2024.105507.pdf"", ""extension"": "".pdf"", ""scope"": ""international"", ""is_normative_like"": false}, {""score"": 42, ""path"": ""content/sources/international/10_jmir-2024-1-e45209.pdf"", ""extension"": "".pdf"", ""scope"": ""international"", ""is_normative_like"": false}, {""score"": 42, ""path"": ""content/sources/international/12_medinform-2024-1-e58445.pdf"", ""extension"": "".pdf"", ""scope"": ""international"", ""is_normative_like"": false}, {""score"": 40, ""path"": ""content/sources/national/UNFV_FIIS_Porras Gamarra Hernan Johel_Titulo profesional_2024.txt"", ""extension"": "".txt"", ""scope"": ""national"", ""is_normative_like"": false}]",content/manuscript/Documento_Tesis.md,2026-04-30T02:38:19.742915+00:00
INT-07,international,7,TORAB-MIANDOAB ET AL. (2023),TORAB-MIANDOAB ET AL,2023,TORAB-MIANDOAB,TORAB-MIANDOAB,"consolidan los requisitos de interoperabilidad para sistemas de salud heterogéneos en múltiples países, identificando los estándares y tecnologías más citados como críticos.","la revisión sistemática abarca 36 estudios seleccionados de 302 artículos iniciales, con búsqueda en seis bases de datos internacionales y síntesis de requisitos técnicos y semánticos de interoperabilidad.",el problema se centró en falta de interoperabilidad entre sistemas propietarios y heterogéneos con impacto directo en la calidad asistencial y coordinación clínica.,el objetivo se orientó a identificar tecnologías y estándares críticos para habilitar HCE interoperable de forma sostenible.,"revisión sistemática conforme al protocolo PRISMA, con búsqueda en seis bases de datos: PubMed, Web of Science, Scopus, MEDLINE, Cochrane Library y Embase (*BMC Medical Informatics and Decision Making*).","se utilizaron cribado de 302 artículos con selección final de n = 36 estudios; síntesis temática de requisitos técnicos y semánticos categorizados por estándar, protocolo y tecnología.",se consideraron frecuencia de aparición de estándares y tecnologías como requisitos de interoperabilidad en los artículos seleccionados.,"n = 36 estudios; HL7 FHIR, CDA, HIPAA, SNOMED-CT, SOA, RIM, XML, API, JAVA y SQL aparecen como requisitos más frecuentes. FHIR y CDA se posicionan como estándares prioritarios para interoperabilidad estructural y semántica.",la revisión no evalúa resultados clínicos de las implementaciones; se centra en requisitos técnicos declarados sin medir efectividad operativa.,confirma la pertinencia de HL7 FHIR y SNOMED-CT como estándares base para la capa de integración propuesta y valida la necesidad de combinar interoperabilidad técnica con semántica.,Revisión sistemática (n = 36),"HL7 FHIR, CDA, SNOMED-CT",FHIR y CDA como estándares prioritarios,Pertinencia de FHIR + SNOMED-CT,,False,,,matched_pdf_and_txt,content/sources/international/07_s12911-023-02115-5.pdf,content/sources/international/07_s12911-023-02115-5.txt,international,international,True,True,False,True,"[{""score"": 77, ""path"": ""content/sources/international/07_s12911-023-02115-5.txt"", ""extension"": "".txt"", ""scope"": ""international"", ""is_normative_like"": false}, {""score"": 77, ""path"": ""content/sources/international/12_medinform-2024-1-e58445.txt"", ""extension"": "".txt"", ""scope"": ""international"", ""is_normative_like"": false}, {""score"": 77, ""path"": ""content/sources/international/17_03.txt"", ""extension"": "".txt"", ""scope"": ""international"", ""is_normative_like"": false}, {""score"": 42, ""path"": ""content/sources/international/02_PedreraJimenez_2023_10.2196-48702.pdf"", ""extension"": "".pdf"", ""scope"": ""international"", ""is_normative_like"": false}, {""score"": 30, ""path"": ""content/sources/national/12_MoralesCamargo_2023_10.56294-sctconf2023455.pdf"", ""extension"": "".pdf"", ""scope"": ""national"", ""is_normative_like"": false}, {""score"": 22, ""path"": ""content/sources/international/01_1-s2.0-S1877050923006506-main.txt"", ""extension"": "".txt"", ""scope"": ""international"", ""is_normative_like"": false}, {""score"": 22, ""path"": ""content/sources/international/02_PIIS2589750023001565.txt"", ""extension"": "".txt"", ""scope"": ""international"", ""is_normative_like"": false}, {""score"": 22, ""path"": ""content/sources/international/03_s-0043-1768719.txt"", ""extension"": "".txt"", ""scope"": ""international"", ""is_normative_like"": false}]",content/manuscript/Documento_Tesis.md,2026-04-30T02:38:19.742915+00:00
INT-08,international,8,HOLMGREN ET AL. (2023),HOLMGREN ET AL,2023,HOLMGREN,HOLMGREN,"comparan políticas de intercambio de información de salud en cinco países para extraer factores de éxito en HIE, aportando un marco comparativo de gobernanza.","el análisis comparativo abarca cinco países con distintos grados de madurez interoperable: Estados Unidos, Reino Unido, Alemania, Israel y Portugal.",el problema se centró en variabilidad regulatoria y organizacional entre países que limita el escalamiento homogéneo del intercambio clínico.,el objetivo se orientó a entender cómo el diseño de política pública condiciona la adopción de interoperabilidad a escala nacional.,"revisión narrativa comparada de marcos de política sanitaria en Estados Unidos, Reino Unido, Alemania, Israel y Portugal, con búsqueda en MEDLINE/PubMed y Google Scholar (*IMIA Yearbook of Medical Informatics*).","se utilizaron análisis transversal de diseño institucional, adopción de EHR, nivel de centralización, madurez de intercambio e incentivación, clasificando cada dimensión como baja, moderada o alta.","se consideraron grado de adopción de EHR, nivel de centralización de la política HIE, madurez del intercambio y estrategia de incentivación gubernamental.","n = 5 países analizados; la priorización gubernamental centralizada (Israel, Reino Unido) se asocia con mayor avance interoperable. La fragmentación institucional (EE. UU.) genera heterogeneidad en adopción pese a altas tasas de uso de EHR.",revisión narrativa sin metaanálisis; la selección de cinco países puede no representar la diversidad de contextos de países en desarrollo.,"la importancia de la priorización gubernamental respalda la relevancia del marco normativo peruano (RNIEDS, PIDESALUD) y refuerza que las brechas identificadas en esta tesis tienen componente institucional además de técnico.",Revisión comparada (5 países),Políticas HIE,Centralización → mayor avance interoperable,Importancia de gobernanza institucional,,False,,,matched_pdf_and_txt,content/sources/international/03_s-0043-1768719.pdf,content/sources/international/03_s-0043-1768719.txt,international,international,True,True,False,True,"[{""score"": 77, ""path"": ""content/sources/international/03_s-0043-1768719.txt"", ""extension"": "".txt"", ""scope"": ""international"", ""is_normative_like"": false}, {""score"": 42, ""path"": ""content/sources/international/02_PedreraJimenez_2023_10.2196-48702.pdf"", ""extension"": "".pdf"", ""scope"": ""international"", ""is_normative_like"": false}, {""score"": 30, ""path"": ""content/sources/national/12_MoralesCamargo_2023_10.56294-sctconf2023455.pdf"", ""extension"": "".pdf"", ""scope"": ""national"", ""is_normative_like"": false}, {""score"": 22, ""path"": ""content/sources/international/01_1-s2.0-S1877050923006506-main.txt"", ""extension"": "".txt"", ""scope"": ""international"", ""is_normative_like"": false}, {""score"": 22, ""path"": ""content/sources/international/02_PIIS2589750023001565.txt"", ""extension"": "".txt"", ""scope"": ""international"", ""is_normative_like"": false}, {""score"": 22, ""path"": ""content/sources/international/04_qxaf133.txt"", ""extension"": "".txt"", ""scope"": ""international"", ""is_normative_like"": false}, {""score"": 22, ""path"": ""content/sources/international/06_ooad001.txt"", ""extension"": "".txt"", ""scope"": ""international"", ""is_normative_like"": false}, {""score"": 22, ""path"": ""content/sources/international/07_s12911-023-02115-5.txt"", ""extension"": "".txt"", ""scope"": ""international"", ""is_normative_like"": false}]",content/manuscript/Documento_Tesis.md,2026-04-30T02:38:19.742915+00:00
INT-09,international,9,RICHWINE ET AL. (2025),RICHWINE ET AL,2025,RICHWINE,RICHWINE,cuantifican el valor de las organizaciones de intercambio de información sanitaria (HIO) para la interoperabilidad hospitalaria a escala nacional en Estados Unidos.,"el estudio observacional abarca N = 2 200 hospitales no federales de cuidados agudos en 47 estados de EE. UU., con datos del AHA IT Supplement 2023 y la HIO Survey 2023.",el problema se centró en dificultad para demostrar el impacto operativo de la gobernanza del intercambio interinstitucional de datos clínicos.,"el objetivo se orientó a estimar la contribución de las HIO en intercambio clínico, reporte de salud pública e intercambio de datos sobre necesidades sociales en hospitales.","estudio observacional con análisis comparativo de hospitales participantes y no participantes en HIOs, mediante vinculación de bases de datos nacionales (*Health Affairs Scholar*).","se utilizaron dataset vinculado del AHA IT Supplement 2023 (tasa de respuesta 58 %, N = 2 200 hospitales no federales de cuidados agudos) y HIO Survey 2023 (tasa de respuesta 86 %, N = 77 HIOs en 47 estados). Variables: intercambio clínico electrónico, reporte de salud pública, intercambio de datos HRSN y participación en TEFCA.","se consideraron tasas de intercambio de información clínica, reporte de salud pública, intercambio de datos sobre necesidades sociales y participación en TEFCA.","la participación en una HIO se asocia significativamente con mayor intercambio clínico electrónico, mayor reporte de salud pública y mayor intercambio de datos sobre necesidades sociales.","estudio observacional que no permite inferir causalidad; datos de autoreporte hospitalario, lo que puede introducir sesgo.",el enfoque cuantitativo de vinculación de bases de datos y medición de indicadores de intercambio proveen un modelo metodológico para la evaluación pre/post de esta tesis. La evidencia sobre gobernanza institucional refuerza la importancia de RNIEDS y PIDESALUD.,Observacional (N = 2 200),HIOs / FHIR,75 % hospitales en HIO; 17 % con FHIR,Modelo metodológico de medición,,False,,,matched_pdf_and_txt,content/sources/international/04_qxaf133.pdf,content/sources/international/04_qxaf133.txt,international,international,True,True,False,True,"[{""score"": 77, ""path"": ""content/sources/international/04_qxaf133.txt"", ""extension"": "".txt"", ""scope"": ""international"", ""is_normative_like"": false}, {""score"": 52, ""path"": ""content/sources/international/11_formative-2025-1-e51270.txt"", ""extension"": "".txt"", ""scope"": ""international"", ""is_normative_like"": false}, {""score"": 42, ""path"": ""content/sources/international/06_Fernandez_2025_10.3389-fdgth.2025.1622302.pdf"", ""extension"": "".pdf"", ""scope"": ""international"", ""is_normative_like"": false}, {""score"": 42, ""path"": ""content/sources/international/11_formative-2025-1-e51270.pdf"", ""extension"": "".pdf"", ""scope"": ""international"", ""is_normative_like"": false}, {""score"": 30, ""path"": ""content/sources/national/07_EsparzaMorgan_2025_hdl_20.500.14005-16177.pdf"", ""extension"": "".pdf"", ""scope"": ""national"", ""is_normative_like"": false}, {""score"": 30, ""path"": ""content/sources/national/08_AriasGeronimo_2025_hdl_20.500.14005-16817.pdf"", ""extension"": "".pdf"", ""scope"": ""national"", ""is_normative_like"": false}, {""score"": 22, ""path"": ""content/sources/international/08_4_End-to-End Clinical Data Interoperability A Practical Implementation Blueprint Using HL7, FHIR, CCD, and EHR Integration Standards.txt"", ""extension"": "".txt"", ""scope"": ""international"", ""is_normative_like"": false}, {""score"": 22, ""path"": ""content/sources/international/12_medinform-2024-1-e58445.txt"", ""extension"": "".txt"", ""scope"": ""international"", ""is_normative_like"": false}]",content/manuscript/Documento_Tesis.md,2026-04-30T02:38:19.742915+00:00
INT-10,international,10,RAAB ET AL. (2023),RAAB ET AL,2023,RAAB,RAAB,"proponen un enfoque federado de espacios de datos de salud personal para el European Health Data Space (EHDS), poniendo el control del dato en el ciudadano.","la propuesta conceptual abarca el diseño de arquitectura para el European Health Data Space (EHDS), marco regulatorio continental con enfoque privacy-by-design.",el problema se centró en riesgos de concentración de datos sensibles en silos centralizados y baja portabilidad efectiva de registros clínicos entre sistemas heterogéneos en Europa.,"el objetivo se orientó a diseñar una arquitectura interoperable que reduzca la dependencia de repositorios centralizados, almacenando datos en dispositivos personales.","desarrollo conceptual y técnico de arquitectura para espacios de datos de salud federados, con enfoque privacy-by-design (*The Lancet Digital Health*).","se utilizaron evaluación de factibilidad arquitectónica y análisis de criterios de gobernanza de datos personales, alineados con la regulación europea de protección de datos.","se consideraron criterios cualitativos de control de acceso, portabilidad del dato y gobernanza descentralizada.",definen lineamientos para interoperabilidad federada con mejor control de acceso ciudadano y mecanismos de compartición basados en consentimiento explícito.,propuesta conceptual sin implementación técnica ni evaluación empírica; la viabilidad operativa a escala continental queda pendiente.,"el principio de privacidad por diseño y la descentralización del dato son relevantes para el contexto peruano, donde la protección de datos de poblaciones vulnerables del MINSA requiere mecanismos robustos de consentimiento.",Propuesta conceptual,EHDS federado,Lineamientos de privacidad por diseño,Gobernanza descentralizada del dato,,False,,,matched_pdf_and_txt,content/sources/international/02_PIIS2589750023001565.pdf,content/sources/international/02_PIIS2589750023001565.txt,international,international,True,True,False,True,"[{""score"": 77, ""path"": ""content/sources/international/02_PIIS2589750023001565.txt"", ""extension"": "".txt"", ""scope"": ""international"", ""is_normative_like"": false}, {""score"": 77, ""path"": ""content/sources/international/13_fdgth-6-1480600.txt"", ""extension"": "".txt"", ""scope"": ""international"", ""is_normative_like"": false}, {""score"": 42, ""path"": ""content/sources/international/02_PedreraJimenez_2023_10.2196-48702.pdf"", ""extension"": "".pdf"", ""scope"": ""international"", ""is_normative_like"": false}, {""score"": 30, ""path"": ""content/sources/national/12_MoralesCamargo_2023_10.56294-sctconf2023455.pdf"", ""extension"": "".pdf"", ""scope"": ""national"", ""is_normative_like"": false}, {""score"": 22, ""path"": ""content/sources/international/01_1-s2.0-S1877050923006506-main.txt"", ""extension"": "".txt"", ""scope"": ""international"", ""is_normative_like"": false}, {""score"": 22, ""path"": ""content/sources/international/03_s-0043-1768719.txt"", ""extension"": "".txt"", ""scope"": ""international"", ""is_normative_like"": false}, {""score"": 22, ""path"": ""content/sources/international/04_qxaf133.txt"", ""extension"": "".txt"", ""scope"": ""international"", ""is_normative_like"": false}, {""score"": 22, ""path"": ""content/sources/international/06_ooad001.txt"", ""extension"": "".txt"", ""scope"": ""international"", ""is_normative_like"": false}]",content/manuscript/Documento_Tesis.md,2026-04-30T02:38:19.742915+00:00
INT-11,international,11,MONSEN ET AL. (2023),MONSEN ET AL,2023,MONSEN,MONSEN,integran terminologías estandarizadas de enfermería con recursos FHIR para aumentar la reutilización del dato clínico en contextos analíticos y asistenciales.,"el estudio aplicado abarca la integración de terminologías estandarizadas de enfermería en recursos FHIR, con pruebas de reutilización en flujos analíticos clínicos secundarios.","el problema se centró en subutilización de datos clínicos por baja normalización terminológica en implementaciones FHIR, particularmente en datos de enfermería.",el objetivo se orientó a mejorar la interoperabilidad semántica de flujos clínicos y analíticos mediante integración de vocabularios estandarizados de enfermería en FHIR.,"estudio aplicado de integración terminológica en recursos FHIR, con mapeo de vocabularios de enfermería a recursos estándar.",se utilizaron verificación de consistencia semántica de los recursos generados y pruebas de reutilización para analítica clínica secundaria.,se consideraron grado de consistencia semántica y proporción de datos reutilizables en flujos analíticos.,demuestran mejora en representación estandarizada de datos de enfermería y viabilidad del uso secundario de información clínica codificada en FHIR.,alcance centrado en terminologías de enfermería; la generalización a otros dominios clínicos requiere validación adicional.,"refuerza la importancia de la normalización terminológica para la *codificación* como dimensión de calidad, y valida que la integración de vocabularios estandarizados mejora la reutilización del dato clínico.",Estudio aplicado,FHIR + terminologías de enfermería,Mejora en reutilización de datos codificados,Normalización terminológica,,False,,,no_match,,,,,False,False,False,False,"[{""score"": 42, ""path"": ""content/sources/international/02_PedreraJimenez_2023_10.2196-48702.pdf"", ""extension"": "".pdf"", ""scope"": ""international"", ""is_normative_like"": false}, {""score"": 30, ""path"": ""content/sources/national/12_MoralesCamargo_2023_10.56294-sctconf2023455.pdf"", ""extension"": "".pdf"", ""scope"": ""national"", ""is_normative_like"": false}, {""score"": 22, ""path"": ""content/sources/international/01_1-s2.0-S1877050923006506-main.txt"", ""extension"": "".txt"", ""scope"": ""international"", ""is_normative_like"": false}, {""score"": 22, ""path"": ""content/sources/international/02_PIIS2589750023001565.txt"", ""extension"": "".txt"", ""scope"": ""international"", ""is_normative_like"": false}, {""score"": 22, ""path"": ""content/sources/international/03_s-0043-1768719.txt"", ""extension"": "".txt"", ""scope"": ""international"", ""is_normative_like"": false}, {""score"": 22, ""path"": ""content/sources/international/04_qxaf133.txt"", ""extension"": "".txt"", ""scope"": ""international"", ""is_normative_like"": false}, {""score"": 22, ""path"": ""content/sources/international/06_ooad001.txt"", ""extension"": "".txt"", ""scope"": ""international"", ""is_normative_like"": false}, {""score"": 22, ""path"": ""content/sources/international/07_s12911-023-02115-5.txt"", ""extension"": "".txt"", ""scope"": ""international"", ""is_normative_like"": false}]",content/manuscript/Documento_Tesis.md,2026-04-30T02:38:19.742915+00:00
INT-12,international,12,VORISEK ET AL. (2022),VORISEK ET AL,2022,VORISEK,VORISEK,"ofrecen un panorama cuantitativo robusto de los usos de FHIR en investigación en salud, incluyendo la distribución de terminologías complementarias.","la revisión sistemática abarca 49 estudios publicados entre 2011 y 2022 en cinco bases de datos internacionales, analizando usos, dominios clínicos y terminologías complementarias de FHIR.",el problema se centró en escasa consolidación cuantitativa sobre para qué y cómo se utiliza FHIR en investigación clínica aplicada.,"el objetivo se orientó a medir las áreas de aplicación, las terminologías complementarias y la madurez de adopción científica de FHIR.","revisión sistemática de literatura 2011–2022, con búsqueda en cinco bases: PubMed, Embase, Web of Science, IEEE Xplore y Cochrane Library (*JMIR Medical Informatics*).","se utilizaron extracción estructurada de variables de uso, dominio clínico y terminologías asociadas; de 998 artículos cribados se incluyeron n = 49 estudios.","se consideraron distribución de usos por función y dominio, frecuencia de terminologías complementarias y tendencia temporal de publicaciones.","n = 49 estudios; 73 % en investigación clínica. Usos principales: estandarización (41 %), captura de datos (29 %), reclutamiento (14 %), análisis (12 %) y consentimiento (4 %). Terminologías más usadas: LOINC (37 %), SNOMED-CT (29 %), ICD-10 (18 %) y OMOP (12 %). Alemania y EE. UU. lideran publicaciones.",intervalo de cinco años entre publicación del estándar FHIR y primera publicación científica relevante; investigación en países de mediano/bajo ingreso subrepresentada.,"la distribución de terminologías (LOINC 37 %, SNOMED-CT 29 %, ICD-10 18 %) proporciona un referente directo para evaluar *codificación* en los centros MINSA, donde CIE-10 y CPMS son los estándares obligatorios.",Revisión sistemática (n = 49),HL7 FHIR,"LOINC 37 %, SNOMED-CT 29 %, ICD-10 18 %",Referente de terminologías para codificación,,False,,,matched_pdf_and_txt,content/sources/international/09_medinform-2022-7-e35724.pdf,content/sources/international/09_medinform-2022-7-e35724.txt,international,international,True,True,False,True,"[{""score"": 107, ""path"": ""content/sources/international/09_medinform-2022-7-e35724.txt"", ""extension"": "".txt"", ""scope"": ""international"", ""is_normative_like"": false}, {""score"": 77, ""path"": ""content/sources/international/01_1-s2.0-S1877050923006506-main.txt"", ""extension"": "".txt"", ""scope"": ""international"", ""is_normative_like"": false}, {""score"": 77, ""path"": ""content/sources/international/12_medinform-2024-1-e58445.txt"", ""extension"": "".txt"", ""scope"": ""international"", ""is_normative_like"": false}, {""score"": 65, ""path"": ""content/sources/national/15_136_Electronic+Health+Record+Interoperability+System+in+Peru+Using+Blockchain.txt"", ""extension"": "".txt"", ""scope"": ""national"", ""is_normative_like"": false}, {""score"": 65, ""path"": ""content/sources/national/electronic-health-record-interoperability-system-in-peru-4ivc2cczlt.txt"", ""extension"": "".txt"", ""scope"": ""national"", ""is_normative_like"": false}, {""score"": 42, ""path"": ""content/sources/international/03_Chatterjee_2022_10.3390-s22103756.pdf.pdf"", ""extension"": "".pdf"", ""scope"": ""international"", ""is_normative_like"": false}, {""score"": 42, ""path"": ""content/sources/international/09_medinform-2022-7-e35724.pdf"", ""extension"": "".pdf"", ""scope"": ""international"", ""is_normative_like"": false}, {""score"": 22, ""path"": ""content/sources/international/02_PIIS2589750023001565.txt"", ""extension"": "".txt"", ""scope"": ""international"", ""is_normative_like"": false}]",content/manuscript/Documento_Tesis.md,2026-04-30T02:38:19.742915+00:00
INT-13,international,13,GAZZARATA ET AL. (2024),GAZZARATA ET AL,2024,GAZZARATA,GAZZARATA,"vinculan FHIR con la continuidad asistencial en ecosistemas de enfermedades crónicas, evaluando su rol en la coordinación entre niveles de atención.","el scoping review abarca aplicaciones FHIR en la gestión clínica de enfermedades crónicas, con síntesis por dominios de uso, capacidades técnicas y modelos de gobernanza para la continuidad asistencial.",el problema se centró en discontinuidad clínica por fragmentación de información en trayectorias de atención crónica entre diferentes niveles y proveedores.,el objetivo se orientó a evaluar el rol de FHIR en la integración longitudinal de datos clínicos y la coordinación interinstitucional en atención de enfermedades crónicas.,"scoping review centrada en aplicaciones FHIR para gestión clínica crónica, con síntesis por dominios de uso.","se utilizaron síntesis estructurada por dominios de uso clínico, capacidades técnicas de FHIR y modelos de gobernanza aplicados.","se consideraron grado de articulación de red, cobertura de continuidad asistencial y capacidades técnicas reportadas.","evidencian mejora de continuidad asistencial y articulación de red mediante FHIR; no se identifica un KPI universal único, lo que sugiere necesidad de métricas contextualizadas.",ausencia de indicadores cuantitativos estandarizados; resultados predominantemente cualitativos.,la vinculación entre FHIR y continuidad asistencial refuerza la relevancia de la dimensión de *continuidad y trazabilidad* como variable dependiente de esta tesis y evidencia la necesidad de métricas operativas contextualizadas.,Scoping review,FHIR,Mejora de continuidad asistencial en crónicos,Continuidad como dimensión de calidad,,False,,,matched_pdf_and_txt,content/sources/international/01_Gazzarata_2024_10.1016-j.ijmedinf.2024.105507.pdf,content/sources/international/10_jmir-2024-1-e45209.txt,international,international,True,True,False,False,"[{""score"": 187, ""path"": ""content/sources/international/01_Gazzarata_2024_10.1016-j.ijmedinf.2024.105507.pdf"", ""extension"": "".pdf"", ""scope"": ""international"", ""is_normative_like"": false}, {""score"": 107, ""path"": ""content/sources/international/10_jmir-2024-1-e45209.txt"", ""extension"": "".txt"", ""scope"": ""international"", ""is_normative_like"": false}, {""score"": 52, ""path"": ""content/sources/international/12_medinform-2024-1-e58445.txt"", ""extension"": "".txt"", ""scope"": ""international"", ""is_normative_like"": false}, {""score"": 42, ""path"": ""content/sources/international/10_jmir-2024-1-e45209.pdf"", ""extension"": "".pdf"", ""scope"": ""international"", ""is_normative_like"": false}, {""score"": 42, ""path"": ""content/sources/international/12_medinform-2024-1-e58445.pdf"", ""extension"": "".pdf"", ""scope"": ""international"", ""is_normative_like"": false}, {""score"": 40, ""path"": ""content/sources/national/UNFV_FIIS_Porras Gamarra Hernan Johel_Titulo profesional_2024.txt"", ""extension"": "".txt"", ""scope"": ""national"", ""is_normative_like"": false}, {""score"": 30, ""path"": ""content/sources/national/09_SanchezCalle_2024_hdl_20.500.12866-17191.pdf"", ""extension"": "".pdf"", ""scope"": ""national"", ""is_normative_like"": false}, {""score"": 30, ""path"": ""content/sources/national/11_Bran_2024_10.3991-ijoe.v20i15.51515.pdf"", ""extension"": "".pdf"", ""scope"": ""national"", ""is_normative_like"": false}]",content/manuscript/Documento_Tesis.md,2026-04-30T02:38:19.742915+00:00
INT-14,international,14,PEDRERA-JIMÉNEZ ET AL. (2023),PEDRERA-JIMÉNEZ ET AL,2023,PEDRERA-JIMÉNEZ,PEDRERA-JIMÉNEZ,"proponen enfoque agnóstico de estándares donde openEHR, ISO 13606 y FHIR se combinan como componentes complementarios en espacios de datos clínicos de nueva generación.","el análisis técnico-conceptual abarca la comparación funcional de tres estándares clínicos complementarios —openEHR, ISO 13606 y FHIR— en el contexto de espacios de datos de nueva generación.",el problema se centró en decisiones de arquitectura basadas en una falsa dicotomía entre estándares clínicos que en realidad son complementarios.,el objetivo se orientó a definir criterios de selección y coexistencia de estándares en espacios de datos de nueva generación.,"análisis técnico-conceptual comparativo de las capacidades y capas funcionales de openEHR, ISO 13606 y FHIR.","se utilizaron matriz de compatibilidad funcional evaluando capacidades de modelado clínico, intercambio de datos y reutilización para cada estándar.","se consideraron cobertura funcional de cada estándar por capa (modelado, almacenamiento, intercambio, reutilización).","recomiendan arquitectura por capas: openEHR para modelado y persistencia clínica, FHIR para intercambio y APIs, e ISO 13606 como puente. Cada estándar aporta valor diferencial y complementario.",análisis conceptual sin implementación práctica; la factibilidad de coexistencia depende de la capacidad técnica institucional.,"respalda la compatibilidad de FHIR con otros estándares usados en precedentes nacionales (Porras, 2024, con openEHR) y orienta el diseño de la capa piloto como componente de una arquitectura multicapa.",Análisis técnico-conceptual,openEHR + FHIR + ISO 13606,Coexistencia complementaria por capas,Compatibilidad con arquitectura multicapa,,False,,,no_match,,,,,False,False,False,False,"[{""score"": 42, ""path"": ""content/sources/international/02_PedreraJimenez_2023_10.2196-48702.pdf"", ""extension"": "".pdf"", ""scope"": ""international"", ""is_normative_like"": false}, {""score"": 30, ""path"": ""content/sources/national/12_MoralesCamargo_2023_10.56294-sctconf2023455.pdf"", ""extension"": "".pdf"", ""scope"": ""national"", ""is_normative_like"": false}, {""score"": 22, ""path"": ""content/sources/international/01_1-s2.0-S1877050923006506-main.txt"", ""extension"": "".txt"", ""scope"": ""international"", ""is_normative_like"": false}, {""score"": 22, ""path"": ""content/sources/international/02_PIIS2589750023001565.txt"", ""extension"": "".txt"", ""scope"": ""international"", ""is_normative_like"": false}, {""score"": 22, ""path"": ""content/sources/international/03_s-0043-1768719.txt"", ""extension"": "".txt"", ""scope"": ""international"", ""is_normative_like"": false}, {""score"": 22, ""path"": ""content/sources/international/04_qxaf133.txt"", ""extension"": "".txt"", ""scope"": ""international"", ""is_normative_like"": false}, {""score"": 22, ""path"": ""content/sources/international/06_ooad001.txt"", ""extension"": "".txt"", ""scope"": ""international"", ""is_normative_like"": false}, {""score"": 22, ""path"": ""content/sources/international/07_s12911-023-02115-5.txt"", ""extension"": "".txt"", ""scope"": ""international"", ""is_normative_like"": false}]",content/manuscript/Documento_Tesis.md,2026-04-30T02:38:19.742915+00:00
INT-15,international,15,CHATTERJEE ET AL. (2022),CHATTERJEE ET AL,2022,CHATTERJEE,CHATTERJEE,integran HL7 FHIR con SNOMED-CT para lograr interoperabilidad estructural y semántica simultánea en el intercambio de datos personales de salud.,"la prueba de concepto abarca el flujo bidireccional de datos personales de salud entre componentes FHIR y SNOMED-CT, con verificación de consistencia semántica.",el problema se centró en intercambio clínico con pérdida de significado semántico al transferir datos entre sistemas heterogéneos con codificaciones diferentes.,el objetivo se orientó a validar la transferencia bidireccional de datos personales de salud sin pérdida semántica.,prueba de concepto con mapeo semántico FHIR-SNOMED-CT y flujo bidireccional entre componentes de un sistema de registro personal de salud.,"se utilizaron pruebas de consistencia de conceptos codificados, verificación de integridad de datos transmitidos y comprobación de preservación semántica en ida y vuelta.",se consideraron tasa de preservación semántica en intercambio bidireccional e integridad de datos transmitidos.,logran intercambio bidireccional sin pérdida de datos y con consistencia semántica verificada entre componentes FHIR y SNOMED-CT.,prueba de concepto con alcance acotado; sin métricas de rendimiento a escala ni evaluación con datasets clínicos reales de gran volumen.,"demuestra que la combinación FHIR + terminologías estándar es condición necesaria para preservar la *consistencia* del dato clínico, dimensión central de la evaluación pre/post de esta tesis.",Prueba de concepto,FHIR + SNOMED-CT,Intercambio bidireccional sin pérdida semántica,Consistencia del dato clínico,,False,,,matched_pdf_and_txt,content/sources/international/03_Chatterjee_2022_10.3390-s22103756.pdf.pdf,content/sources/international/01_1-s2.0-S1877050923006506-main.txt,international,international,True,True,False,False,"[{""score"": 187, ""path"": ""content/sources/international/03_Chatterjee_2022_10.3390-s22103756.pdf.pdf"", ""extension"": "".pdf"", ""scope"": ""international"", ""is_normative_like"": false}, {""score"": 77, ""path"": ""content/sources/international/01_1-s2.0-S1877050923006506-main.txt"", ""extension"": "".txt"", ""scope"": ""international"", ""is_normative_like"": false}, {""score"": 77, ""path"": ""content/sources/international/10_jmir-2024-1-e45209.txt"", ""extension"": "".txt"", ""scope"": ""international"", ""is_normative_like"": false}, {""score"": 77, ""path"": ""content/sources/international/13_fdgth-6-1480600.txt"", ""extension"": "".txt"", ""scope"": ""international"", ""is_normative_like"": false}, {""score"": 52, ""path"": ""content/sources/international/09_medinform-2022-7-e35724.txt"", ""extension"": "".txt"", ""scope"": ""international"", ""is_normative_like"": false}, {""score"": 42, ""path"": ""content/sources/international/09_medinform-2022-7-e35724.pdf"", ""extension"": "".pdf"", ""scope"": ""international"", ""is_normative_like"": false}, {""score"": 22, ""path"": ""content/sources/international/02_PIIS2589750023001565.txt"", ""extension"": "".txt"", ""scope"": ""international"", ""is_normative_like"": false}, {""score"": 22, ""path"": ""content/sources/international/03_s-0043-1768719.txt"", ""extension"": "".txt"", ""scope"": ""international"", ""is_normative_like"": false}]",content/manuscript/Documento_Tesis.md,2026-04-30T02:38:19.742915+00:00
INT-16,international,16,GAUDET-BLAVIGNAC ET AL. (2021),GAUDET-BLAVIGNAC ET AL,2021,GAUDET-BLAVIGNAC,GAUDET-BLAVIGNAC,diseñan una estrategia nacional de tres pilares para habilitar el uso secundario interoperable de datos de salud en la Swiss Personalized Health Network.,"la propuesta metodológica abarca la Swiss Personalized Health Network (SPHN), red nacional de hospitales universitarios suizos con alta madurez digital e inversión institucional sostenida.",el problema se centró en baja reutilización de datos clínicos por heterogeneidad semántica entre hospitales y barreras organizativas para la compartición multicéntrica.,el objetivo se orientó a habilitar investigación multicéntrica con datos clínicos interoperables en una red nacional suiza.,"estudio metodológico en el contexto de la Swiss Personalized Health Network (SPHN), con desarrollo de estrategia de tres pilares: gobernanza, normalización semántica y evaluación operativa.","se utilizaron diseño de marco de gobernanza, definición de estándares de normalización semántica y evaluación de factibilidad operativa en hospitales participantes.",se consideraron factibilidad operativa de la estrategia y grado de normalización semántica logrado en la red.,"propuesta operativa validada para escalar interoperabilidad orientada al uso secundario; sin estrategia semántica coordinada, los registros presentan altas tasas de campos vacíos o mal estructurados.",contexto suizo con alta madurez digital e inversión; la transferibilidad a países con menor infraestructura requiere adaptación.,la advertencia sobre campos vacíos sin estrategia semántica fundamenta la hipótesis de esta tesis sobre brechas de *completitud* en centros MINSA y refuerza la necesidad de combinar estandarización técnica con gobernanza institucional.,Estudio metodológico,SPHN (3 pilares),Campos vacíos sin estrategia semántica coordinada,Importancia de completitud,,False,,,matched_pdf_and_txt,content/sources/international/07_s12911-023-02115-5.pdf,content/sources/international/07_s12911-023-02115-5.txt,international,international,True,True,False,True,"[{""score"": 77, ""path"": ""content/sources/international/07_s12911-023-02115-5.txt"", ""extension"": "".txt"", ""scope"": ""international"", ""is_normative_like"": false}, {""score"": 77, ""path"": ""content/sources/international/10_jmir-2024-1-e45209.txt"", ""extension"": "".txt"", ""scope"": ""international"", ""is_normative_like"": false}, {""score"": 42, ""path"": ""content/sources/international/04_GaudetBlavignac_2021_10.2196-27591.pdf"", ""extension"": "".pdf"", ""scope"": ""international"", ""is_normative_like"": false}, {""score"": 42, ""path"": ""content/sources/international/05_MukhiyaLamo_2021_10.1177-14604582211043920.pdf"", ""extension"": "".pdf"", ""scope"": ""international"", ""is_normative_like"": false}, {""score"": 30, ""path"": ""content/sources/national/10_FernandezInfanzon_Huarac_2021_hdl_20.500.12640-2139.pdf"", ""extension"": "".pdf"", ""scope"": ""national"", ""is_normative_like"": false}, {""score"": 22, ""path"": ""content/sources/international/01_1-s2.0-S1877050923006506-main.txt"", ""extension"": "".txt"", ""scope"": ""international"", ""is_normative_like"": false}, {""score"": 22, ""path"": ""content/sources/international/02_PIIS2589750023001565.txt"", ""extension"": "".txt"", ""scope"": ""international"", ""is_normative_like"": false}, {""score"": 22, ""path"": ""content/sources/international/03_s-0043-1768719.txt"", ""extension"": "".txt"", ""scope"": ""international"", ""is_normative_like"": false}]",content/manuscript/Documento_Tesis.md,2026-04-30T02:38:19.742915+00:00
INT-17,international,17,MUKHIYA ET AL. (2021),MUKHIYA ET AL,2021,MUKHIYA,MUKHIYA,"combinan FHIR con GraphQL para consultas clínicas flexibles sobre EHR heterogéneos, reduciendo el acoplamiento entre sistemas.","el prototipo arquitectónico abarca la implementación de una capa API GraphQL sobre recursos FHIR, con pruebas de integración entre sistemas heterogéneos.",el problema se centró en rigidez en la integración de datos clínicos cuando se depende de conectores punto a punto entre sistemas.,el objetivo se orientó a reducir el acoplamiento entre sistemas y facilitar la integración incremental mediante una capa API basada en FHIR y GraphQL.,desarrollo de aproximación arquitectónica con implementación de capa GraphQL sobre recursos FHIR y validación de interoperabilidad funcional.,"se utilizaron pruebas de consulta multi-recurso, compatibilidad de intercambio entre sistemas y consistencia de respuestas devueltas.","se consideraron flexibilidad de consulta, grado de acoplamiento entre sistemas y consistencia de respuestas.",demuestran viabilidad de integración flexible con menor dependencia entre plataformas; una sola consulta GraphQL agrega datos de múltiples recursos FHIR reduciendo llamadas al servidor.,prototipo técnico sin evaluación en entorno clínico de producción; la adopción de GraphQL requiere capacitación adicional.,"la combinación FHIR + GraphQL es una alternativa para optimizar consultas clínicas complejas, aunque la prioridad de esta tesis es la conformidad con FHIR RESTful API estándar.",Prototipo arquitectónico,FHIR + GraphQL,Reducción de acoplamiento entre sistemas,Integración flexible,,False,,,matched_pdf_and_txt,content/sources/international/01_1-s2.0-S1877050923006506-main.pdf,content/sources/international/01_1-s2.0-S1877050923006506-main.txt,international,international,True,True,False,True,"[{""score"": 77, ""path"": ""content/sources/international/01_1-s2.0-S1877050923006506-main.txt"", ""extension"": "".txt"", ""scope"": ""international"", ""is_normative_like"": false}, {""score"": 42, ""path"": ""content/sources/international/04_GaudetBlavignac_2021_10.2196-27591.pdf"", ""extension"": "".pdf"", ""scope"": ""international"", ""is_normative_like"": false}, {""score"": 42, ""path"": ""content/sources/international/05_MukhiyaLamo_2021_10.1177-14604582211043920.pdf"", ""extension"": "".pdf"", ""scope"": ""international"", ""is_normative_like"": false}, {""score"": 30, ""path"": ""content/sources/national/10_FernandezInfanzon_Huarac_2021_hdl_20.500.12640-2139.pdf"", ""extension"": "".pdf"", ""scope"": ""national"", ""is_normative_like"": false}, {""score"": 22, ""path"": ""content/sources/international/02_PIIS2589750023001565.txt"", ""extension"": "".txt"", ""scope"": ""international"", ""is_normative_like"": false}, {""score"": 22, ""path"": ""content/sources/international/03_s-0043-1768719.txt"", ""extension"": "".txt"", ""scope"": ""international"", ""is_normative_like"": false}, {""score"": 22, ""path"": ""content/sources/international/04_qxaf133.txt"", ""extension"": "".txt"", ""scope"": ""international"", ""is_normative_like"": false}, {""score"": 22, ""path"": ""content/sources/international/06_ooad001.txt"", ""extension"": "".txt"", ""scope"": ""international"", ""is_normative_like"": false}]",content/manuscript/Documento_Tesis.md,2026-04-30T02:38:19.742915+00:00
INT-18,international,18,LIU ET AL. (2023),LIU ET AL,2023,LIU,LIU,"implementan un sistema EMR intercambiable en formato FHIR con enfoque de rendimiento y visualización dinámica, sustituyendo el gateway del centro de intercambio de registros médicos de Taiwán.","el estudio experimental abarca el Electronic Medical Record Exchange Center de Taiwán, con pruebas de carga mediante Apache JMeter sobre una arquitectura FHIR comparada con el sistema CDA R2 existente.",el problema se centró en costos elevados y latencias significativas en la integración de datos clínicos cuando se depende de gateways tradicionales basados en CDA R2.,el objetivo se orientó a validar que una arquitectura basada en servidor FHIR mejore los tiempos y costos de transformación de datos respecto al sistema CDA R2 existente.,"implementación experimental con pruebas de carga y comparación de arquitectura FHIR vs. CDA R2 en el contexto del Electronic Medical Record Exchange Center de Taiwán (*Healthcare*, MDPI).",se utilizaron pruebas de rendimiento con Apache JMeter para evaluar carga y tiempo de respuesta; transmisión segura mediante HTTPS/TLS. Métricas de tiempo y costo de conversión de formato.,"se consideraron tiempo de respuesta, throughput (transacciones/segundo), tiempo de conversión de formato y costo operativo de integración.",reducción significativa en tiempos y costos de transformación de datos clínicos al reemplazar el gateway CDA por un servidor FHIR; la transmisión HTTPS/TLS preserva la integridad de los datos.,implementación en el contexto específico de Taiwán; los resultados pueden variar en ecosistemas con diferente madurez de infraestructura digital.,las pruebas con JMeter proveen una metodología de evaluación de rendimiento replicable para la capa FHIR piloto de esta tesis. La demostración de reducción de costos respalda la viabilidad económica de adoptar FHIR en centros MINSA.,Implementación experimental,FHIR vs. CDA R2,Reducción significativa de tiempos y costos,Metodología de evaluación de rendimiento,,False,,,matched_pdf_and_txt,content/sources/international/01_1-s2.0-S1877050923006506-main.pdf,content/sources/international/01_1-s2.0-S1877050923006506-main.txt,international,international,True,True,False,True,"[{""score"": 77, ""path"": ""content/sources/international/01_1-s2.0-S1877050923006506-main.txt"", ""extension"": "".txt"", ""scope"": ""international"", ""is_normative_like"": false}, {""score"": 77, ""path"": ""content/sources/international/12_medinform-2024-1-e58445.txt"", ""extension"": "".txt"", ""scope"": ""international"", ""is_normative_like"": false}, {""score"": 77, ""path"": ""content/sources/international/14_healthcare-11-02410.txt"", ""extension"": "".txt"", ""scope"": ""international"", ""is_normative_like"": false}, {""score"": 67, ""path"": ""content/sources/international/10_jmir-2024-1-e45209.txt"", ""extension"": "".txt"", ""scope"": ""international"", ""is_normative_like"": false}, {""score"": 42, ""path"": ""content/sources/international/02_PedreraJimenez_2023_10.2196-48702.pdf"", ""extension"": "".pdf"", ""scope"": ""international"", ""is_normative_like"": false}, {""score"": 30, ""path"": ""content/sources/national/12_MoralesCamargo_2023_10.56294-sctconf2023455.pdf"", ""extension"": "".pdf"", ""scope"": ""national"", ""is_normative_like"": false}, {""score"": 22, ""path"": ""content/sources/international/02_PIIS2589750023001565.txt"", ""extension"": "".txt"", ""scope"": ""international"", ""is_normative_like"": false}, {""score"": 22, ""path"": ""content/sources/international/03_s-0043-1768719.txt"", ""extension"": "".txt"", ""scope"": ""international"", ""is_normative_like"": false}]",content/manuscript/Documento_Tesis.md,2026-04-30T02:38:19.742915+00:00
INT-19,international,19,ANAND Y SADHNA (2023),ANAND Y SADHNA,2023,ANAND,ANAND; SADHNA,"analizan bibliométricamente la convergencia entre FHIR y blockchain en interoperabilidad EHR, identificando tendencias y líneas emergentes de investigación.","el análisis bibliométrico abarca publicaciones 2013-2022 en Scopus, con dos cadenas de búsqueda: 302 documentos sobre FHIR + EHR y 758 sobre blockchain + EHR.",el problema se centró en dispersión de evidencia sobre la madurez y evolución de los enfoques combinados blockchain + FHIR para intercambio clínico seguro.,"el objetivo se orientó a identificar tendencias, vacíos y líneas emergentes de investigación en interoperabilidad segura basada en FHIR y blockchain.","estudio bibliométrico con análisis temático de publicaciones 2013-2022 en la base Scopus, utilizando el software Bibliometrix de R-Studio (*Perspectives in Clinical Research*).","se utilizaron dos cadenas de búsqueda: String A (EHR + FHIR, 302 documentos) y String B (EHR + Blockchain, 758 documentos). Indicadores bibliométricos: producción anual, colaboración por país, evolución temática y mapas de coocurrencia.","se consideraron producción científica anual, citas promedio por documento (6,6 para FHIR y 15,4 para blockchain) y evolución temática de palabras clave.",confirman crecimiento sostenido de ambos campos. La interoperabilidad de datos se introduce como tema desde 2020. El mapeo temático posiciona la “interoperabilidad” como un tema bien desarrollado. Blockchain con EHR muestra mayor producción y citación que FHIR con EHR.,análisis limitado a Scopus; la exclusión de PubMed e IEEE puede subestimar publicaciones en informática biomédica.,el hallazgo de que la interoperabilidad de datos es un dominio relativamente nuevo (desde 2020) refuerza la oportunidad de investigación que aborda esta tesis. La convergencia FHIR-blockchain es relevante para las propuestas de *trazabilidad* por blockchain en los antecedentes nacionales de Mauricio et al. (2024) y Bran et al. (2024).,Bibliométrico,FHIR + Blockchain,"302 docs FHIR; 758 blockchain; citación 6,6 vs. 15,4",Tendencias emergentes,,False,,,matched_pdf_and_txt,content/sources/international/16_electronic_health_record_interoperability_using.2.pdf,content/sources/international/16_electronic_health_record_interoperability_using.2.txt,international,international,True,True,False,True,"[{""score"": 97, ""path"": ""content/sources/international/16_electronic_health_record_interoperability_using.2.txt"", ""extension"": "".txt"", ""scope"": ""international"", ""is_normative_like"": false}, {""score"": 42, ""path"": ""content/sources/international/02_PedreraJimenez_2023_10.2196-48702.pdf"", ""extension"": "".pdf"", ""scope"": ""international"", ""is_normative_like"": false}, {""score"": 30, ""path"": ""content/sources/national/12_MoralesCamargo_2023_10.56294-sctconf2023455.pdf"", ""extension"": "".pdf"", ""scope"": ""national"", ""is_normative_like"": false}, {""score"": 22, ""path"": ""content/sources/international/01_1-s2.0-S1877050923006506-main.txt"", ""extension"": "".txt"", ""scope"": ""international"", ""is_normative_like"": false}, {""score"": 22, ""path"": ""content/sources/international/02_PIIS2589750023001565.txt"", ""extension"": "".txt"", ""scope"": ""international"", ""is_normative_like"": false}, {""score"": 22, ""path"": ""content/sources/international/03_s-0043-1768719.txt"", ""extension"": "".txt"", ""scope"": ""international"", ""is_normative_like"": false}, {""score"": 22, ""path"": ""content/sources/international/04_qxaf133.txt"", ""extension"": "".txt"", ""scope"": ""international"", ""is_normative_like"": false}, {""score"": 22, ""path"": ""content/sources/international/06_ooad001.txt"", ""extension"": "".txt"", ""scope"": ""international"", ""is_normative_like"": false}]",content/manuscript/Documento_Tesis.md,2026-04-30T02:38:19.742915+00:00
INT-20,international,20,SURISETTY (2026),SURISETTY,2026,SURISETTY,SURISETTY,"propone un blueprint de interoperabilidad clínica de extremo a extremo que integra HL7, FHIR, CCD y EHR en una secuencia práctica de implementación por fases.","el blueprint cubre los cuatro niveles de interoperabilidad —fundacional, estructural, semántico y organizacional— con rutas de migración de HL7 v2 a FHIR.",el problema se centró en brecha entre las recomendaciones conceptuales de alto nivel sobre interoperabilidad y la ausencia de guías operativas de implementación paso a paso.,el objetivo se orientó a integrar lineamientos técnicos en una secuencia práctica de implementación por fases que cubra los cuatro niveles de interoperabilidad.,"propuesta aplicada de arquitectura de referencia y flujo de integración integral, cubriendo ingestión, transformación, normalización semántica, seguridad y consentimiento (*International Journal of Multidisciplinary Science and Engineering in Health Research*).","se utilizaron definición de flujo técnico, componentes de arquitectura de referencia y hitos operativos de despliegue. Cobertura de los cuatro niveles: fundacional, estructural, semántico y organizacional.",se consideraron cobertura de los cuatro niveles de interoperabilidad y completitud del flujo de implementación propuesto.,"ofrece hoja de ruta replicable para proyectos de interoperabilidad clínica por etapas, incluyendo rutas de migración de HL7 v2 a FHIR, normalización semántica y marcos regulatorios (HIPAA, HITECH).",propuesta teórica-aplicada sin validación empírica cuantitativa; la replicabilidad depende de la infraestructura disponible en cada contexto.,"la hoja de ruta por fases es un referente directo para la estrategia trifásica (diagnóstico, implementación piloto, evaluación) de esta tesis. La cobertura de los cuatro niveles de interoperabilidad alinea los requisitos técnicos con el marco conceptual del estudio.",Propuesta aplicada,"HL7, FHIR, CCD",Hoja de ruta por fases; 4 niveles de interoperabilidad,Blueprint de referencia,,False,,,matched_pdf_and_txt,"content/sources/international/08_4_End-to-End Clinical Data Interoperability A Practical Implementation Blueprint Using HL7, FHIR, CCD, and EHR Integration Standards.pdf","content/sources/international/08_4_End-to-End Clinical Data Interoperability A Practical Implementation Blueprint Using HL7, FHIR, CCD, and EHR Integration Standards.txt",international,international,True,True,False,True,"[{""score"": 77, ""path"": ""content/sources/international/08_4_End-to-End Clinical Data Interoperability A Practical Implementation Blueprint Using HL7, FHIR, CCD, and EHR Integration Standards.txt"", ""extension"": "".txt"", ""scope"": ""international"", ""is_normative_like"": false}, {""score"": 22, ""path"": ""content/sources/international/04_qxaf133.txt"", ""extension"": "".txt"", ""scope"": ""international"", ""is_normative_like"": false}, {""score"": 22, ""path"": ""content/sources/international/06_ooad001.txt"", ""extension"": "".txt"", ""scope"": ""international"", ""is_normative_like"": false}, {""score"": 12, ""path"": ""content/sources/international/01_1-s2.0-S1877050923006506-main.pdf"", ""extension"": "".pdf"", ""scope"": ""international"", ""is_normative_like"": false}, {""score"": 12, ""path"": ""content/sources/international/01_1-s2.0-S1877050923006506-main.txt"", ""extension"": "".txt"", ""scope"": ""international"", ""is_normative_like"": false}, {""score"": 12, ""path"": ""content/sources/international/01_Gazzarata_2024_10.1016-j.ijmedinf.2024.105507.pdf"", ""extension"": "".pdf"", ""scope"": ""international"", ""is_normative_like"": false}, {""score"": 12, ""path"": ""content/sources/international/02_PedreraJimenez_2023_10.2196-48702.pdf"", ""extension"": "".pdf"", ""scope"": ""international"", ""is_normative_like"": false}, {""score"": 12, ""path"": ""content/sources/international/02_PIIS2589750023001565.pdf"", ""extension"": "".pdf"", ""scope"": ""international"", ""is_normative_like"": false}]",content/manuscript/Documento_Tesis.md,2026-04-30T02:38:19.742915+00:00
INT-21,international,21,FERNANDEZ ET AL. (2025),FERNANDEZ ET AL,2025,FERNANDEZ,FERNANDEZ,"aportan evidencia aplicada de interoperabilidad en un sistema de salud universal, con la red pública brasileña como referente para América Latina.","el análisis abarca la experiencia del Sistema Único de Saúde de Brasil, la mayor red pública de salud de América Latina, con lecciones de implementación transferibles a la región.",el problema se centró en fragmentación inter-nivel que limita el seguimiento clínico y la gestión integral del paciente entre atención primaria y hospitalaria.,el objetivo se orientó a analizar la integración entre atención primaria y hospitalaria para la continuidad clínica poblacional en el sistema de salud de Brasil.,análisis de la experiencia nacional brasileña y lecciones de implementación de interoperabilidad en la red pública de salud.,se utilizaron evaluación comparativa de flujos de información y coordinación asistencial entre niveles de atención.,se consideraron grado de coordinación asistencial y efectividad de los flujos de información entre niveles del sistema.,identifican que la combinación de estándares técnicos + procesos organizacionales + gobernanza sostenida es condición necesaria para el impacto de la interoperabilidad en la continuidad del cuidado.,estudio de un contexto nacional específico (Brasil); la transferibilidad a Perú requiere considerar diferencias en estructura del sistema y madurez digital.,"el hallazgo de que estándares solos no son suficientes sin gobernanza y procesos sostenidos respalda el enfoque integral de esta tesis, que combina componente técnico (FHIR) con evaluación de brechas institucionales y lineamientos de escalabilidad.",Análisis de experiencia nacional,Sistema de salud de Brasil,Estándares + procesos + gobernanza = interoperabilidad,Gobernanza sostenida,,False,,,matched_pdf_and_txt,content/sources/international/06_Fernandez_2025_10.3389-fdgth.2025.1622302.pdf,content/sources/international/10_jmir-2024-1-e45209.txt,international,international,True,True,False,False,"[{""score"": 187, ""path"": ""content/sources/international/06_Fernandez_2025_10.3389-fdgth.2025.1622302.pdf"", ""extension"": "".pdf"", ""scope"": ""international"", ""is_normative_like"": false}, {""score"": 67, ""path"": ""content/sources/international/10_jmir-2024-1-e45209.txt"", ""extension"": "".txt"", ""scope"": ""international"", ""is_normative_like"": false}, {""score"": 65, ""path"": ""content/sources/national/Bayona - Radiografía de la Historia Clínica en Perú.txt"", ""extension"": "".txt"", ""scope"": ""national"", ""is_normative_like"": false}, {""score"": 55, ""path"": ""content/sources/national/15_136_Electronic+Health+Record+Interoperability+System+in+Peru+Using+Blockchain.txt"", ""extension"": "".txt"", ""scope"": ""national"", ""is_normative_like"": false}, {""score"": 55, ""path"": ""content/sources/national/ARRUE PAJARES_VARGAS RIOJA_IMPLEMENTACION_SISTEMA_INFORMACION.txt"", ""extension"": "".txt"", ""scope"": ""national"", ""is_normative_like"": false}, {""score"": 55, ""path"": ""content/sources/national/electronic-health-record-interoperability-system-in-peru-4ivc2cczlt.txt"", ""extension"": "".txt"", ""scope"": ""national"", ""is_normative_like"": false}, {""score"": 52, ""path"": ""content/sources/international/11_formative-2025-1-e51270.txt"", ""extension"": "".txt"", ""scope"": ""international"", ""is_normative_like"": false}, {""score"": 42, ""path"": ""content/sources/international/11_formative-2025-1-e51270.pdf"", ""extension"": "".pdf"", ""scope"": ""international"", ""is_normative_like"": false}]",content/manuscript/Documento_Tesis.md,2026-04-30T02:38:19.742915+00:00
NAC-01,national,1,MAURICIO ET AL. (2024),MAURICIO ET AL,2024,MAURICIO,MAURICIO,"proponen un sistema peruano de interoperabilidad de EHR basado en HL7 FHIR y blockchain (Ethereum), incluyendo homologación de registros heterogéneos a recursos FHIR y almacenamiento descentralizado con IPFS.","el estudio abarca una simulación de caso clínico en un hospital público peruano, con encuestas a n = 30 pacientes y n = 10 médicos.",el problema se centró en que en Perú no existe integración automática de historias clínicas electrónicas entre establecimientos de salud; cada centro gestiona datos de forma aislada con formatos diferentes.,el objetivo se orientó a permitir el intercambio de EHR entre clínicas heterogéneas garantizando seguridad y privacidad de los datos mediante blockchain.,"diseño de arquitectura de interoperabilidad con homologación a recursos FHIR, blockchain (Ethereum) y simulación de caso entre establecimientos (*International Journal of Online and Biomedical Engineering*).","se utilizaron encuesta de adopción a n = 30 pacientes y encuesta de usabilidad a n = 10 médicos de un hospital público peruano. Variables evaluadas: percepción de adopción, usabilidad del sistema web y satisfacción con la interoperabilidad lograda. Fuente de datos: simulación con datos de caso clínico.",se consideraron nivel de adopción percibida y nivel de usabilidad percibida (escalas tipo Likert).,niveles muy altos de adopción y usabilidad reportados tanto por pacientes como por médicos; factibilidad demostrada sin necesidad de reemplazar sistemas legados existentes.,"validación basada en simulación de caso, no en producción real; muestra pequeña (30 pacientes, 10 médicos). No se reportan métricas cuantitativas de integridad de datos ni cobertura de campos clínicos.","el estudio aporta evidencia sobre *trazabilidad* (blockchain genera registro inmutable de transacciones) y *codificación* (la homologación FHIR estandariza la representación), aunque no mide el efecto sobre *completitud* ni *duplicidad*, brechas que esta tesis sí se propone diagnosticar. Su diseño sin reemplazo de sistemas legados es relevante para la estrategia de implementación gradual en centros MINSA.",Arquitectura con blockchain,HL7 FHIR + Ethereum + IPFS,,,,False,,,matched_txt_only,,content/sources/national/15_136_Electronic+Health+Record+Interoperability+System+in+Peru+Using+Blockchain.txt,,national,True,False,False,False,"[{""score"": 77, ""path"": ""content/sources/national/15_136_Electronic+Health+Record+Interoperability+System+in+Peru+Using+Blockchain.txt"", ""extension"": "".txt"", ""scope"": ""national"", ""is_normative_like"": false}, {""score"": 77, ""path"": ""content/sources/national/electronic-health-record-interoperability-system-in-peru-4ivc2cczlt.txt"", ""extension"": "".txt"", ""scope"": ""national"", ""is_normative_like"": false}, {""score"": 52, ""path"": ""content/sources/national/UNFV_FIIS_Porras Gamarra Hernan Johel_Titulo profesional_2024.txt"", ""extension"": "".txt"", ""scope"": ""national"", ""is_normative_like"": false}, {""score"": 42, ""path"": ""content/sources/national/09_SanchezCalle_2024_hdl_20.500.12866-17191.pdf"", ""extension"": "".pdf"", ""scope"": ""national"", ""is_normative_like"": false}, {""score"": 42, ""path"": ""content/sources/national/11_Bran_2024_10.3991-ijoe.v20i15.51515.pdf"", ""extension"": "".pdf"", ""scope"": ""national"", ""is_normative_like"": false}, {""score"": 42, ""path"": ""content/sources/national/UNFV_FIIS_Porras Gamarra Hernan Johel_Titulo profesional_2024.pdf"", ""extension"": "".pdf"", ""scope"": ""national"", ""is_normative_like"": false}, {""score"": 40, ""path"": ""content/sources/international/10_jmir-2024-1-e45209.txt"", ""extension"": "".txt"", ""scope"": ""international"", ""is_normative_like"": false}, {""score"": 40, ""path"": ""content/sources/international/12_medinform-2024-1-e58445.txt"", ""extension"": "".txt"", ""scope"": ""international"", ""is_normative_like"": false}]",content/manuscript/Documento_Tesis.md,2026-04-30T02:38:19.742915+00:00
NAC-02,national,2,PORRAS (2024),PORRAS,2024,PORRAS,PORRAS,"documenta implementación real de interoperabilidad HL7 FHIR + openEHR en el proyecto M-Connecta (Cataluña), aportando experiencia técnica transferible al contexto peruano.","el trabajo documenta la implementación real del proyecto M-Connecta de Cataluña (España), experiencia de despliegue de FHIR + openEHR en un ecosistema de salud avanzado con lecciones transferibles al Perú.","el problema se centró en brecha tecnológica entre los estándares de interoperabilidad avanzados disponibles internacionalmente y la realidad peruana fragmentada, donde los sistemas de HCE carecen de integración efectiva.",el objetivo se orientó a validar el intercambio clínico efectivo y la persistencia semántica de datos mediante estándares internacionales HL7 FHIR y openEHR.,"trabajo de suficiencia profesional con análisis de implementación del proyecto M-Connecta, incluyendo despliegue de mensajería FHIR y persistencia con arquetipos openEHR (UNFV, Lima).","se utilizaron verificación funcional de mensajería FHIR entre sistemas, pruebas de persistencia con arquetipos openEHR y validación de la integridad del intercambio clínico. Experiencia práctica del autor en empresas como IN2 Ingeniería y Accenture España.",se consideraron factibilidad de intercambio clínico mediante FHIR y grado de persistencia semántica con arquetipos openEHR.,evidencia viabilidad técnica de combinar FHIR (intercambio) con openEHR (persistencia semántica) y recomienda la adopción de FHIR en las HCE peruanas como paso fundamental hacia la interoperabilidad.,implementación documentada en contexto europeo (Cataluña); la transferencia directa al ecosistema peruano requiere adaptación a la infraestructura local y al marco normativo MINSA.,"aborda directamente *completitud* (arquetipos openEHR estructuran el contenido completo del registro) y *codificación* (FHIR normaliza la representación semántica), sentando precedente técnico para las brechas que esta tesis diagnostica. Su recomendación de adopción de FHIR en Perú refuerza la pertinencia de esta investigación.",Suficiencia profesional,HL7 FHIR + openEHR,,,,False,,,matched_pdf_and_txt,content/sources/national/UNFV_FIIS_Porras Gamarra Hernan Johel_Titulo profesional_2024.pdf,content/sources/national/UNFV_FIIS_Porras Gamarra Hernan Johel_Titulo profesional_2024.txt,national,national,True,True,False,False,"[{""score"": 252, ""path"": ""content/sources/national/UNFV_FIIS_Porras Gamarra Hernan Johel_Titulo profesional_2024.txt"", ""extension"": "".txt"", ""scope"": ""national"", ""is_normative_like"": false}, {""score"": 187, ""path"": ""content/sources/national/UNFV_FIIS_Porras Gamarra Hernan Johel_Titulo profesional_2024.pdf"", ""extension"": "".pdf"", ""scope"": ""national"", ""is_normative_like"": false}, {""score"": 42, ""path"": ""content/sources/national/09_SanchezCalle_2024_hdl_20.500.12866-17191.pdf"", ""extension"": "".pdf"", ""scope"": ""national"", ""is_normative_like"": false}, {""score"": 42, ""path"": ""content/sources/national/11_Bran_2024_10.3991-ijoe.v20i15.51515.pdf"", ""extension"": "".pdf"", ""scope"": ""national"", ""is_normative_like"": false}, {""score"": 40, ""path"": ""content/sources/international/10_jmir-2024-1-e45209.txt"", ""extension"": "".txt"", ""scope"": ""international"", ""is_normative_like"": false}, {""score"": 40, ""path"": ""content/sources/international/12_medinform-2024-1-e58445.txt"", ""extension"": "".txt"", ""scope"": ""international"", ""is_normative_like"": false}, {""score"": 30, ""path"": ""content/sources/international/01_Gazzarata_2024_10.1016-j.ijmedinf.2024.105507.pdf"", ""extension"": "".pdf"", ""scope"": ""international"", ""is_normative_like"": false}, {""score"": 30, ""path"": ""content/sources/international/10_jmir-2024-1-e45209.pdf"", ""extension"": "".pdf"", ""scope"": ""international"", ""is_normative_like"": false}]",content/manuscript/Documento_Tesis.md,2026-04-30T02:38:19.742915+00:00
NAC-03,national,3,ARRUÉ Y VARGAS (2022),ARRUÉ Y VARGAS,2022,ARRUÉ,ARRUÉ; VARGAS,"implementan un HIS interoperable basado en HL7 para centros de salud de categoría II-1 o superior en Perú, con integración de módulos clínicos y administrativos.","el desarrollo abarca una plataforma web HIS para centros de categoría II-1 o superior en Perú, con integración de módulos clínicos y administrativos desarrollada con metodología ágil Scrum en la PUCP.","el problema se centró en sistemas de salud peruanos fraccionados (MINSA, EsSalud, sector privado) y sin integración efectiva entre sus componentes, agravado por la pandemia de COVID-19.","el objetivo se orientó a integrar módulos administrativos y clínicos (HCE, farmacia, laboratorio, radiología) para mejorar el flujo hospitalario y habilitar el intercambio interinstitucional.","desarrollo de plataforma web HIS con protocolo HL7 mediante metodología ágil (Scrum), con arquitectura de servicios web interoperables (PUCP, Lima).","se utilizaron pruebas de integración entre módulos (HCE, farmacia, laboratorio, radiología, citas), validación de requisitos de usabilidad y verificación de interoperabilidad. Herramientas: SonarQube para análisis de código, Spring Boot y Angular.","se consideraron factibilidad de integración entre módulos, conformidad con protocolo HL7 y cumplimiento de requisitos de usabilidad.",demuestran factibilidad de interoperabilidad operativa en contexto nacional con HL7; la integración entre módulos permite flujo unificado de datos clínicos y administrativos.,implementación basada en HL7 v2 (no FHIR); no incluye validación con datos clínicos reales en un establecimiento del MINSA. El alcance se limita a un prototipo funcional.,el estudio incide en *duplicidad* (la integración entre módulos reduce registros redundantes) y *completitud* (el flujo unificado asegura transferencia íntegra de información). La evolución de HL7 v2 a FHIR que propone esta tesis representa el siguiente paso lógico en esta línea de trabajo.,Desarrollo ágil (Scrum),HL7 v2,,,,False,,,matched_pdf_and_txt,content/sources/national/ARRUE PAJARES_VARGAS RIOJA_IMPLEMENTACION_SISTEMA_INFORMACION.pdf,content/sources/national/ARRUE PAJARES_VARGAS RIOJA_IMPLEMENTACION_SISTEMA_INFORMACION.txt,national,national,True,True,False,False,"[{""score"": 287, ""path"": ""content/sources/national/ARRUE PAJARES_VARGAS RIOJA_IMPLEMENTACION_SISTEMA_INFORMACION.txt"", ""extension"": "".txt"", ""scope"": ""national"", ""is_normative_like"": false}, {""score"": 202, ""path"": ""content/sources/national/ARRUE PAJARES_VARGAS RIOJA_IMPLEMENTACION_SISTEMA_INFORMACION.pdf"", ""extension"": "".pdf"", ""scope"": ""national"", ""is_normative_like"": false}, {""score"": 42, ""path"": ""content/sources/national/15_136_Electronic+Health+Record+Interoperability+System+in+Peru+Using+Blockchain.txt"", ""extension"": "".txt"", ""scope"": ""national"", ""is_normative_like"": false}, {""score"": 42, ""path"": ""content/sources/national/electronic-health-record-interoperability-system-in-peru-4ivc2cczlt.txt"", ""extension"": "".txt"", ""scope"": ""national"", ""is_normative_like"": false}, {""score"": 40, ""path"": ""content/sources/international/09_medinform-2022-7-e35724.txt"", ""extension"": "".txt"", ""scope"": ""international"", ""is_normative_like"": false}, {""score"": 30, ""path"": ""content/sources/international/03_Chatterjee_2022_10.3390-s22103756.pdf.pdf"", ""extension"": "".pdf"", ""scope"": ""international"", ""is_normative_like"": false}, {""score"": 30, ""path"": ""content/sources/international/09_medinform-2022-7-e35724.pdf"", ""extension"": "".pdf"", ""scope"": ""international"", ""is_normative_like"": false}, {""score"": 22, ""path"": ""content/sources/national/Bayona - Radiografía de la Historia Clínica en Perú.txt"", ""extension"": "".txt"", ""scope"": ""national"", ""is_normative_like"": false}]",content/manuscript/Documento_Tesis.md,2026-04-30T02:38:19.742915+00:00
NAC-04,national,4,BAYONA (2019),BAYONA,2019,BAYONA,BAYONA,"presenta un diagnóstico estructural de la historia clínica electrónica en el sistema de salud peruano, analizando la evolución normativa y las barreras de implementación del RENHICE.","el trabajo abarca el análisis del ecosistema nacional peruano de HCE con visitas al Hospital Santa Rosa (Piura) y Hospital II de Tarapoto, previo a la promulgación de las normativas RNIEDS y PIDESALUD.","el problema se centró en fragmentación entre MINSA y EsSalud, baja conectividad entre establecimientos e implementación desigual de plataformas de HCE a nivel nacional.",el objetivo se orientó a analizar la evolución normativa y las barreras de implementación de la HCE y del Registro Nacional de Historias Clínicas Electrónicas (RENHICE) en Perú.,"trabajo de fin de máster con revisión documental y análisis del ecosistema nacional, incluyendo visitas al Hospital Santa Rosa (Piura) y Hospital II de Tarapoto (UPV, Valencia).","se utilizaron análisis normativo-técnico de la Ley N° 30024, del RENHICE y de experiencias institucionales. Fuentes: documentación regulatoria del MINSA, entrevistas con directores hospitalarios y personal técnico.","se consideraron grado de implementación del RENHICE, conectividad entre establecimientos y número de historias clínicas por paciente.","identifica persistencia de múltiples historias clínicas por paciente en distintas instituciones y bajo avance interoperable. Documenta inestabilidad política como barrera y fragmentación entre subsistemas (MINSA, EsSalud, FF. AA., sector privado).","estudio descriptivo-analítico sin componente de implementación tecnológica; los datos corresponden al periodo 2018-2019, previo a las normativas RNIEDS y PIDESALUD.","conecta directamente con la brecha de *duplicidad* (múltiples HCE por paciente en distintas instituciones) y de *trazabilidad* (imposibilidad de seguir la continuidad del registro entre MINSA y EsSalud), confirmando que las brechas persisten a nivel del ecosistema nacional y justificando la necesidad de diagnóstico actualizado que esta tesis propone.",Diagnóstico estructural,Marco normativo (RENHICE),,,,False,,,matched_pdf_and_txt,content/sources/national/Bayona - Radiografía de la Historia Clínica en Perú.pdf,content/sources/national/Bayona - Radiografía de la Historia Clínica en Perú.txt,national,national,True,True,False,False,"[{""score"": 222, ""path"": ""content/sources/national/Bayona - Radiografía de la Historia Clínica en Perú.txt"", ""extension"": "".txt"", ""scope"": ""national"", ""is_normative_like"": false}, {""score"": 157, ""path"": ""content/sources/national/Bayona - Radiografía de la Historia Clínica en Perú.pdf"", ""extension"": "".pdf"", ""scope"": ""national"", ""is_normative_like"": false}, {""score"": 42, ""path"": ""content/sources/national/252042_DS024-2005.pdf20190110-18386-1of80fa.pdf"", ""extension"": "".pdf"", ""scope"": ""national"", ""is_normative_like"": false}, {""score"": 22, ""path"": ""content/sources/national/15_136_Electronic+Health+Record+Interoperability+System+in+Peru+Using+Blockchain.txt"", ""extension"": "".txt"", ""scope"": ""national"", ""is_normative_like"": false}, {""score"": 22, ""path"": ""content/sources/national/ARRUE PAJARES_VARGAS RIOJA_IMPLEMENTACION_SISTEMA_INFORMACION.txt"", ""extension"": "".txt"", ""scope"": ""national"", ""is_normative_like"": false}, {""score"": 22, ""path"": ""content/sources/national/electronic-health-record-interoperability-system-in-peru-4ivc2cczlt.txt"", ""extension"": "".txt"", ""scope"": ""national"", ""is_normative_like"": false}, {""score"": 22, ""path"": ""content/sources/national/Guía metodológica para la elaboración del proyecto de tesis.txt"", ""extension"": "".txt"", ""scope"": ""national"", ""is_normative_like"": false}, {""score"": 22, ""path"": ""content/sources/national/UNFV_FIIS_Porras Gamarra Hernan Johel_Titulo profesional_2024.txt"", ""extension"": "".txt"", ""scope"": ""national"", ""is_normative_like"": false}]",content/manuscript/Documento_Tesis.md,2026-04-30T02:38:19.742915+00:00
NAC-05,national,5,ESPARZA (2025),ESPARZA,2025,ESPARZA,ESPARZA,relaciona la madurez de uso de la HCE única con la mejora de indicadores de gestión de calidad en un hospital de EsSalud.,"el estudio correlacional abarca un hospital de EsSalud en Perú, evaluando la relación entre la madurez de uso de la HCE única y las dimensiones de gestión de calidad hospitalaria.",el problema se centró en desempeño de calidad hospitalaria afectado por una gestión clínica no plenamente digitalizada ni estandarizada.,"el objetivo se orientó a medir la influencia de la HCE en las dimensiones de planificación, organización y garantía de servicios de gestión de calidad hospitalaria.",estudio correlacional aplicado en entorno hospitalario peruano (EsSalud).,"se utilizaron indicadores de calidad de gestión (planificación, organización, garantía) y medición de madurez de uso de HCE mediante indicadores cuantitativos.",se consideraron coeficientes de correlación entre madurez de HCE y dimensiones de calidad de gestión.,"reporta correlaciones positivas estadísticamente significativas; mayor madurez de uso de HCE se asocia con mejor desempeño en planificación, organización y garantía de calidad.",estudio en un solo hospital de EsSalud; la generalización a centros del MINSA requiere validación. No aísla el efecto de la interoperabilidad de otros factores de digitalización.,aporta evidencia indirecta sobre *completitud* (la HCE única consolida el registro clínico) y refuerza que cerrar brechas de digitalización impacta los indicadores de calidad que esta tesis se propone medir.,Correlacional,HCE única,,,,False,,,no_match,,,,,False,False,False,False,"[{""score"": 42, ""path"": ""content/sources/national/07_EsparzaMorgan_2025_hdl_20.500.14005-16177.pdf"", ""extension"": "".pdf"", ""scope"": ""national"", ""is_normative_like"": false}, {""score"": 42, ""path"": ""content/sources/national/08_AriasGeronimo_2025_hdl_20.500.14005-16817.pdf"", ""extension"": "".pdf"", ""scope"": ""national"", ""is_normative_like"": false}, {""score"": 40, ""path"": ""content/sources/international/11_formative-2025-1-e51270.txt"", ""extension"": "".txt"", ""scope"": ""international"", ""is_normative_like"": false}, {""score"": 30, ""path"": ""content/sources/international/06_Fernandez_2025_10.3389-fdgth.2025.1622302.pdf"", ""extension"": "".pdf"", ""scope"": ""international"", ""is_normative_like"": false}, {""score"": 30, ""path"": ""content/sources/international/11_formative-2025-1-e51270.pdf"", ""extension"": "".pdf"", ""scope"": ""international"", ""is_normative_like"": false}, {""score"": 22, ""path"": ""content/sources/national/Bayona - Radiografía de la Historia Clínica en Perú.txt"", ""extension"": "".txt"", ""scope"": ""national"", ""is_normative_like"": false}, {""score"": 12, ""path"": ""content/sources/national/09_SanchezCalle_2024_hdl_20.500.12866-17191.pdf"", ""extension"": "".pdf"", ""scope"": ""national"", ""is_normative_like"": false}, {""score"": 12, ""path"": ""content/sources/national/10_FernandezInfanzon_Huarac_2021_hdl_20.500.12640-2139.pdf"", ""extension"": "".pdf"", ""scope"": ""national"", ""is_normative_like"": false}]",content/manuscript/Documento_Tesis.md,2026-04-30T02:38:19.742915+00:00
NAC-06,national,6,ARIAS (2025),ARIAS,2025,ARIAS,ARIAS,evidencia el vínculo entre confiabilidad de la HCE y calidad de los servicios preventivos en una microred de salud pública de primer nivel.,"el estudio correlacional abarca una microred de salud pública del primer nivel de atención en Perú, evaluando la confiabilidad del registro electrónico en su relación con la calidad de la prestación preventiva.",el problema se centró en inconsistencias de datos y baja disponibilidad del sistema afectan la continuidad y calidad percibida del servicio preventivo.,el objetivo se orientó a determinar la relación entre la calidad del registro electrónico de salud y la prestación efectiva de servicios preventivos en una microred del primer nivel de atención.,estudio correlacional aplicado en una red pública de primer nivel de atención en Perú.,"se utilizaron medición de confiabilidad del registro electrónico (dimensiones: precisión de datos, disponibilidad del sistema, usabilidad) y evaluación del desempeño en servicios preventivos.",se consideraron coeficiente de correlación entre confiabilidad de HCE y desempeño en prestación preventiva; análisis por dimensiones de confiabilidad.,asociación positiva moderada y estadísticamente significativa entre confiabilidad de la HCE y calidad de la prestación preventiva.,estudio en una sola microred; la correlación no implica causalidad directa. No evalúa interoperabilidad entre establecimientos.,"las dimensiones evaluadas —precisión, disponibilidad, usabilidad— se alinean con las brechas de *completitud* (datos precisos y completos) y *codificación* (estandarización que posibilita confiabilidad), reforzando la pertinencia de diagnosticar estas brechas en establecimientos del primer nivel de atención del MINSA.",Correlacional,HCE (primer nivel),,,,False,,,matched_pdf_and_txt,content/sources/national/Bayona - Radiografía de la Historia Clínica en Perú.pdf,content/sources/national/Bayona - Radiografía de la Historia Clínica en Perú.txt,national,national,True,True,False,True,"[{""score"": 77, ""path"": ""content/sources/national/Bayona - Radiografía de la Historia Clínica en Perú.txt"", ""extension"": "".txt"", ""scope"": ""national"", ""is_normative_like"": false}, {""score"": 67, ""path"": ""content/sources/national/Guía metodológica para la elaboración del proyecto de tesis.txt"", ""extension"": "".txt"", ""scope"": ""national"", ""is_normative_like"": false}, {""score"": 42, ""path"": ""content/sources/national/07_EsparzaMorgan_2025_hdl_20.500.14005-16177.pdf"", ""extension"": "".pdf"", ""scope"": ""national"", ""is_normative_like"": false}, {""score"": 42, ""path"": ""content/sources/national/08_AriasGeronimo_2025_hdl_20.500.14005-16817.pdf"", ""extension"": "".pdf"", ""scope"": ""national"", ""is_normative_like"": false}, {""score"": 40, ""path"": ""content/sources/international/11_formative-2025-1-e51270.txt"", ""extension"": "".txt"", ""scope"": ""international"", ""is_normative_like"": false}, {""score"": 30, ""path"": ""content/sources/international/06_Fernandez_2025_10.3389-fdgth.2025.1622302.pdf"", ""extension"": "".pdf"", ""scope"": ""international"", ""is_normative_like"": false}, {""score"": 30, ""path"": ""content/sources/international/11_formative-2025-1-e51270.pdf"", ""extension"": "".pdf"", ""scope"": ""international"", ""is_normative_like"": false}, {""score"": 12, ""path"": ""content/sources/national/09_SanchezCalle_2024_hdl_20.500.12866-17191.pdf"", ""extension"": "".pdf"", ""scope"": ""national"", ""is_normative_like"": false}]",content/manuscript/Documento_Tesis.md,2026-04-30T02:38:19.742915+00:00
NAC-07,national,7,SÁNCHEZ (2024),SÁNCHEZ,2024,SÁNCHEZ,SÁNCHEZ,formula una arquitectura y requisitos formales para HCE ocupacional con base en las normas internacionales ISO 18308 e ISO 13606.,"la propuesta arquitectónica abarca el diseño de requisitos formales para una HCE ocupacional interoperable, sustentada en las normas internacionales ISO 18308 e ISO 13606.",el problema se centró en ausencia de requerimientos técnicos estandarizados para el intercambio de información clínica ocupacional en el contexto peruano.,el objetivo se orientó a definir especificaciones formales para la interoperabilidad y sostenibilidad de una HCE ocupacional.,desarrollo de propuesta arquitectónica basada en normas internacionales ISO 18308 (requisitos para arquitectura de HCE) e ISO 13606 (comunicación de HCE).,se utilizaron trazabilidad de requisitos normativos y evaluación de consistencia del diseño arquitectónico conforme a los estándares ISO aplicados.,se consideraron grado de cobertura de requisitos ISO y consistencia de la arquitectura propuesta.,"entrega un marco técnico aplicable para el diseño interoperable y gobernable de HCE ocupacional, con requisitos formales alineados a estándares internacionales.",propuesta arquitectónica sin implementación ni validación empírica; no evalúa el impacto operativo en un entorno real.,"aborda las brechas de *codificación* (ISO 13606 normaliza la estructura del registro) y *completitud* (requisitos formales aseguran integralidad de campos clínicos), aunque no evalúa su impacto en *duplicidad* ni *trazabilidad*, dimensiones que esta tesis sí diagnostica.",Propuesta arquitectónica,ISO 18308 + ISO 13606,,,,False,,,matched_pdf_and_txt,content/sources/national/Bayona - Radiografía de la Historia Clínica en Perú.pdf,content/sources/national/Bayona - Radiografía de la Historia Clínica en Perú.txt,national,national,True,True,False,True,"[{""score"": 77, ""path"": ""content/sources/national/Bayona - Radiografía de la Historia Clínica en Perú.txt"", ""extension"": "".txt"", ""scope"": ""national"", ""is_normative_like"": false}, {""score"": 77, ""path"": ""content/sources/national/Guía metodológica para la elaboración del proyecto de tesis.txt"", ""extension"": "".txt"", ""scope"": ""national"", ""is_normative_like"": false}, {""score"": 67, ""path"": ""content/sources/national/ARRUE PAJARES_VARGAS RIOJA_IMPLEMENTACION_SISTEMA_INFORMACION.txt"", ""extension"": "".txt"", ""scope"": ""national"", ""is_normative_like"": false}, {""score"": 65, ""path"": ""content/sources/international/13_fdgth-6-1480600.txt"", ""extension"": "".txt"", ""scope"": ""international"", ""is_normative_like"": false}, {""score"": 52, ""path"": ""content/sources/national/UNFV_FIIS_Porras Gamarra Hernan Johel_Titulo profesional_2024.txt"", ""extension"": "".txt"", ""scope"": ""national"", ""is_normative_like"": false}, {""score"": 42, ""path"": ""content/sources/national/09_SanchezCalle_2024_hdl_20.500.12866-17191.pdf"", ""extension"": "".pdf"", ""scope"": ""national"", ""is_normative_like"": false}, {""score"": 42, ""path"": ""content/sources/national/11_Bran_2024_10.3991-ijoe.v20i15.51515.pdf"", ""extension"": "".pdf"", ""scope"": ""national"", ""is_normative_like"": false}, {""score"": 42, ""path"": ""content/sources/national/UNFV_FIIS_Porras Gamarra Hernan Johel_Titulo profesional_2024.pdf"", ""extension"": "".pdf"", ""scope"": ""national"", ""is_normative_like"": false}]",content/manuscript/Documento_Tesis.md,2026-04-30T02:38:19.742915+00:00
NAC-08,national,8,FERNÁNDEZ Y HUARAC (2021),FERNÁNDEZ Y HUARAC,2021,FERNÁNDEZ,FERNÁNDEZ; HUARAC,proponen un plan de negocio para integrar IPRESS a una plataforma interoperable de HCE usando blockchain y biometría como habilitadores tecnológicos.,"el plan de negocio abarca el análisis de stakeholders del sector salud peruano —MINSA, EsSalud, sector privado y SIS— con estrategia de implementación gradual entre IPRESS.","el problema se centró en barreras de confianza, trazabilidad y coordinación institucional entre prestadores públicos y privados para el intercambio clínico.",el objetivo se orientó a viabilizar la articulación entre prestadores de salud públicos y privados mediante una plataforma interoperable con blockchain y verificación biométrica.,"diseño de plan de negocio con enfoque tecnológico y estrategia de adopción multiactor, incluyendo análisis de stakeholders del sector salud peruano.","se utilizaron evaluación de viabilidad técnica y económica, propuesta de modelo operativo y análisis de grupos de interés (MINSA, EsSalud, sector privado, SIS).","se consideraron viabilidad económica, cobertura de stakeholders y factibilidad del modelo operativo propuesto.","definen esquema de implementación gradual para interoperabilidad institucional en IPRESS, combinando identificación biométrica única con registro blockchain de transacciones.",permanece en nivel de plan de negocio sin implementación técnica ni validación operativa en establecimientos reales.,"apunta a reducir *duplicidad* (identificación única del paciente con biometría) y a mejorar *trazabilidad* (blockchain como registro inmutable), aunque sin validación operativa, dimensiones que esta tesis sí evaluará empíricamente.",Plan de negocio,Blockchain + biometría,,,,False,,,matched_pdf_only,content/sources/international/06_Fernandez_2025_10.3389-fdgth.2025.1622302.pdf,,international,,False,True,False,False,"[{""score"": 145, ""path"": ""content/sources/international/06_Fernandez_2025_10.3389-fdgth.2025.1622302.pdf"", ""extension"": "".pdf"", ""scope"": ""international"", ""is_normative_like"": false}, {""score"": 87, ""path"": ""content/sources/national/10_FernandezInfanzon_Huarac_2021_hdl_20.500.12640-2139.pdf"", ""extension"": "".pdf"", ""scope"": ""national"", ""is_normative_like"": false}, {""score"": 42, ""path"": ""content/sources/national/15_136_Electronic+Health+Record+Interoperability+System+in+Peru+Using+Blockchain.txt"", ""extension"": "".txt"", ""scope"": ""national"", ""is_normative_like"": false}, {""score"": 42, ""path"": ""content/sources/national/ARRUE PAJARES_VARGAS RIOJA_IMPLEMENTACION_SISTEMA_INFORMACION.txt"", ""extension"": "".txt"", ""scope"": ""national"", ""is_normative_like"": false}, {""score"": 42, ""path"": ""content/sources/national/Bayona - Radiografía de la Historia Clínica en Perú.txt"", ""extension"": "".txt"", ""scope"": ""national"", ""is_normative_like"": false}, {""score"": 42, ""path"": ""content/sources/national/electronic-health-record-interoperability-system-in-peru-4ivc2cczlt.txt"", ""extension"": "".txt"", ""scope"": ""national"", ""is_normative_like"": false}, {""score"": 30, ""path"": ""content/sources/international/04_GaudetBlavignac_2021_10.2196-27591.pdf"", ""extension"": "".pdf"", ""scope"": ""international"", ""is_normative_like"": false}, {""score"": 30, ""path"": ""content/sources/international/05_MukhiyaLamo_2021_10.1177-14604582211043920.pdf"", ""extension"": "".pdf"", ""scope"": ""international"", ""is_normative_like"": false}]",content/manuscript/Documento_Tesis.md,2026-04-30T02:38:19.742915+00:00
NAC-09,national,9,BRAN ET AL. (2024),BRAN ET AL,2024,BRAN,BRAN,"integran blockchain, IPFS y HL7 para fortalecer la inmutabilidad, auditabilidad y confianza del intercambio de historias clínicas electrónicas.","la evaluación abarca una arquitectura híbrida que combina HL7 con blockchain e IPFS, con pruebas de integridad, trazabilidad y consistencia del intercambio clínico.","el problema se centró en riesgos de manipulación de datos, baja trazabilidad de transacciones y confianza limitada entre los actores de ecosistemas interoperables.","el objetivo se orientó a mejorar la inmutabilidad, auditabilidad y confianza sobre el flujo de datos clínicos compartidos entre establecimientos.",diseño de arquitectura híbrida que combina HL7 con blockchain e IPFS (InterPlanetary File System) y evaluación funcional de interoperabilidad segura.,"se utilizaron pruebas de integridad de datos, trazabilidad de transacciones en la cadena de bloques y consistencia del intercambio entre componentes del sistema.","se consideraron integridad de datos intercambiados, trazabilidad completa de cada transacción y consistencia del intercambio.",evidencian mejora en auditabilidad e integridad al combinar HL7 con blockchain/IPFS; cada transacción clínica queda registrada de forma inmutable en la cadena de bloques.,evaluación funcional sin despliegue en entorno hospitalario real; la escalabilidad de blockchain en producción con alto volumen de transacciones no se evalúa.,"apunta centralmente a la brecha de *trazabilidad* (registro inmutable de cada transacción clínica) y de *duplicidad* (IPFS evita copias redundantes), brechas que esta tesis diagnostica con métricas operativas en centros MINSA.",Arquitectura híbrida,HL7 + Blockchain + IPFS,,,,False,,,matched_pdf_only,content/sources/national/11_Bran_2024_10.3991-ijoe.v20i15.51515.pdf,,national,,False,True,False,False,"[{""score"": 187, ""path"": ""content/sources/national/11_Bran_2024_10.3991-ijoe.v20i15.51515.pdf"", ""extension"": "".pdf"", ""scope"": ""national"", ""is_normative_like"": false}, {""score"": 52, ""path"": ""content/sources/national/UNFV_FIIS_Porras Gamarra Hernan Johel_Titulo profesional_2024.txt"", ""extension"": "".txt"", ""scope"": ""national"", ""is_normative_like"": false}, {""score"": 42, ""path"": ""content/sources/national/09_SanchezCalle_2024_hdl_20.500.12866-17191.pdf"", ""extension"": "".pdf"", ""scope"": ""national"", ""is_normative_like"": false}, {""score"": 42, ""path"": ""content/sources/national/UNFV_FIIS_Porras Gamarra Hernan Johel_Titulo profesional_2024.pdf"", ""extension"": "".pdf"", ""scope"": ""national"", ""is_normative_like"": false}, {""score"": 40, ""path"": ""content/sources/international/10_jmir-2024-1-e45209.txt"", ""extension"": "".txt"", ""scope"": ""international"", ""is_normative_like"": false}, {""score"": 40, ""path"": ""content/sources/international/12_medinform-2024-1-e58445.txt"", ""extension"": "".txt"", ""scope"": ""international"", ""is_normative_like"": false}, {""score"": 30, ""path"": ""content/sources/international/01_Gazzarata_2024_10.1016-j.ijmedinf.2024.105507.pdf"", ""extension"": "".pdf"", ""scope"": ""international"", ""is_normative_like"": false}, {""score"": 30, ""path"": ""content/sources/international/10_jmir-2024-1-e45209.pdf"", ""extension"": "".pdf"", ""scope"": ""international"", ""is_normative_like"": false}]",content/manuscript/Documento_Tesis.md,2026-04-30T02:38:19.742915+00:00
NAC-10,national,10,MORALES-CAMARGO Y MENESES-CLAUDIO (2023),MORALES-CAMARGO Y MENESES-CLAUDIO,2023,MORALES-CAMARGO,MORALES-CAMARGO; MENESES-CLAUDIO,sintetizan el impacto del registro médico electrónico (EMR) en la atención y gestión sanitaria a partir de una revisión de la literatura reciente.,"la revisión sistemática abarca la literatura del periodo 2013-2023, analizando el impacto del EMR en la atención y gestión sanitaria en múltiples contextos publicados en diversas bases de datos.",el problema se centró en adopción desigual de EMR entre establecimientos de salud y brechas persistentes de estandarización y capacitación del personal.,el objetivo se orientó a evaluar los beneficios y barreras de implementación de EMR en la evidencia publicada entre 2013 y 2023.,revisión sistemática de la literatura del periodo 2013-2023.,se utilizaron búsqueda estructurada en bases de datos y análisis comparativo de resultados reportados sobre impacto de EMR en atención clínica.,"se consideraron beneficios reportados (acceso a información, soporte a decisión clínica, eficiencia) y barreras identificadas (adopción, estandarización, capacitación).","reportan mejoras consistentes en acceso a información, soporte a la decisión clínica y eficiencia operativa; sin embargo, las barreras de adopción —capacitación insuficiente, resistencia al cambio, heterogeneidad de formatos— persisten en múltiples contextos.",la revisión no incluye estudios peruanos específicos; la generalización al contexto del MINSA requiere contextualización.,"confirma que las barreras de estandarización inciden en *codificación* (heterogeneidad de formatos) y que la adopción desigual perpetúa brechas de *completitud* (campos clínicos incompletos), hallazgos convergentes con el contexto peruano que esta tesis busca diagnosticar operativamente. La Tabla 4 presenta una síntesis comparativa de los antecedentes internacionales revisados, organizados por autor, tipo de estudio, estándar principal utilizado, principales métricas y el aporte específico a la presente investigación. : Tabla 4. Síntesis comparativa de antecedentes internacionales {#tbl:sintesis-internacionales} | Autor(es) y año | Tipo de estudio | Estándar / Tecnología | Métricas o resultados principales | Aporte a esta tesis | |:--------------------------|:----------------------------|:--------------------------|:------------------------------------------|:---------------------------| | Adelusi et al. (2025) | Framework federado (simulación) | HL7 FHIR | >95 % precisión; −38 % latencia | Referente de métricas para evaluación pre/post | | Heryawan et al. (2025) | Análisis de contenido cualitativo | HL7 FHIR (Satusehat) | 107 incidencias: servidor 57 %, mapeo 34 %, perfiles 9 % | Barreras técnicas en despliegue nacional | | Amar et al. (2024) | Mapeo sistemático (n = 70) | FHIR semántico | 6 categorías: mapeo 24,6 %, RDF/OWL 19 %, NLP/ML 15,9 % | Taxonomía de enfoques semánticos | | Tabari et al. (2024) | Scoping review (n = 31) | FHIR | Recursos más usados: Observation, Condition, Patient | Selección de recursos para capa piloto | | Bossenko et al. (2024) | Design Science Research | CDA → FHIR | Usabilidad validada por expertos del ENHIS (Estonia) | Transformación accesible CDA→FHIR | | Jayathissa y Hewapathrana (2024) | Caso técnico (ADR) | HAPI-FHIR + MPI | Factibilidad en atención primaria (Sri Lanka) | Implementación piloto en contexto limitado | | Torab-Miandoab et al. (2023) | Revisión sistemática (n = 36) | HL7 FHIR, CDA, SNOMED-CT | FHIR y CDA como estándares prioritarios | Pertinencia de FHIR + SNOMED-CT | | Holmgren et al. (2023) | Revisión comparada (5 países) | Políticas HIE | Centralización → mayor avance interoperable | Importancia de gobernanza institucional | | Richwine et al. (2025) | Observacional (N = 2 200) | HIOs / FHIR | 75 % hospitales en HIO; 17 % con FHIR | Modelo metodológico de medición | | Raab et al. (2023) | Propuesta conceptual | EHDS federado | Lineamientos de privacidad por diseño | Gobernanza descentralizada del dato | | Monsen et al. (2023) | Estudio aplicado | FHIR + terminologías de enfermería | Mejora en reutilización de datos codificados | Normalización terminológica | | Vorisek et al. (2022) | Revisión sistemática (n = 49) | HL7 FHIR | LOINC 37 %, SNOMED-CT 29 %, ICD-10 18 % | Referente de terminologías para codificación | | Gazzarata et al. (2024) | Scoping review | FHIR | Mejora de continuidad asistencial en crónicos | Continuidad como dimensión de calidad | | Pedrera-Jiménez et al. (2023) | Análisis técnico-conceptual | openEHR + FHIR + ISO 13606 | Coexistencia complementaria por capas | Compatibilidad con arquitectura multicapa | | Chatterjee et al. (2022) | Prueba de concepto | FHIR + SNOMED-CT | Intercambio bidireccional sin pérdida semántica | Consistencia del dato clínico | | Gaudet-Blavignac et al. (2021) | Estudio metodológico | SPHN (3 pilares) | Campos vacíos sin estrategia semántica coordinada | Importancia de completitud | | Mukhiya et al. (2021) | Prototipo arquitectónico | FHIR + GraphQL | Reducción de acoplamiento entre sistemas | Integración flexible | | Liu et al. (2023) | Implementación experimental | FHIR vs. CDA R2 | Reducción significativa de tiempos y costos | Metodología de evaluación de rendimiento | | Anand y Sadhna (2023) | Bibliométrico | FHIR + Blockchain | 302 docs FHIR; 758 blockchain; citación 6,6 vs. 15,4 | Tendencias emergentes | | Surisetty (2026) | Propuesta aplicada | HL7, FHIR, CCD | Hoja de ruta por fases; 4 niveles de interoperabilidad | Blueprint de referencia | | Fernandez et al. (2025) | Análisis de experiencia nacional | Sistema de salud de Brasil | Estándares + procesos + gobernanza = interoperabilidad | Gobernanza sostenida | *Nota.* Adaptado de los antecedentes internacionales revisados. La Tabla 5 presenta la síntesis comparativa de los antecedentes nacionales, destacando las dimensiones de calidad abordadas por cada estudio. : Tabla 5. Síntesis comparativa de antecedentes nacionales {#tbl:sintesis-nacionales} | Autor(es) y año | Tipo de estudio | Estándar / Tecnología | Resultados principales | Brechas de calidad abordadas | |:--------------------------------------|:-------------------------------|:---------------------------|:----------------------------------------------|:------------------------------| | Mauricio et al. (2024) | Arquitectura con blockchain | HL7 FHIR + Ethereum + IPFS | Alta adopción y usabilidad percibida (n = 30 + 10) | Trazabilidad, codificación | | Porras (2024) | Suficiencia profesional | HL7 FHIR + openEHR | Viabilidad de FHIR + openEHR en Cataluña → recomendación para Perú | Completitud, codificación | | Arrué y Vargas (2022) | Desarrollo ágil (Scrum) | HL7 v2 | Factibilidad de interoperabilidad en centros II-1 | Duplicidad, completitud | | Bayona (2019) | Diagnóstico estructural | Marco normativo (RENHICE) | Múltiples HC por paciente; fragmentación MINSA-EsSalud | Duplicidad, trazabilidad | | Esparza (2025) | Correlacional | HCE única | Correlación positiva HCE–calidad de gestión | Completitud | | Arias (2025) | Correlacional | HCE (primer nivel) | Confiabilidad de HCE → calidad de prestaciones preventivas | Completitud, codificación | | Sánchez (2024) | Propuesta arquitectónica | ISO 18308 + ISO 13606 | Marco técnico para HCE ocupacional interoperable | Codificación, completitud | | Fernández y Huarac (2021) | Plan de negocio | Blockchain + biometría | Esquema de implementación gradual entre IPRESS | Duplicidad, trazabilidad | | Bran et al. (2024) | Arquitectura híbrida | HL7 + Blockchain + IPFS | Mejora en auditabilidad e integridad | Trazabilidad, duplicidad | | Morales-Camargo y Meneses-Claudio (2023) | Revisión sistemática | EMR | Mejoras en acceso y soporte; barreras de adopción persistentes | Codificación, completitud | *Nota.* Adaptado de los antecedentes nacionales revisados.",Revisión sistemática,EMR,,,,False,,,no_match,,,,,False,False,False,False,"[{""score"": 42, ""path"": ""content/sources/national/12_MoralesCamargo_2023_10.56294-sctconf2023455.pdf"", ""extension"": "".pdf"", ""scope"": ""national"", ""is_normative_like"": false}, {""score"": 30, ""path"": ""content/sources/international/02_PedreraJimenez_2023_10.2196-48702.pdf"", ""extension"": "".pdf"", ""scope"": ""international"", ""is_normative_like"": false}, {""score"": 22, ""path"": ""content/sources/national/15_136_Electronic+Health+Record+Interoperability+System+in+Peru+Using+Blockchain.txt"", ""extension"": "".txt"", ""scope"": ""national"", ""is_normative_like"": false}, {""score"": 22, ""path"": ""content/sources/national/electronic-health-record-interoperability-system-in-peru-4ivc2cczlt.txt"", ""extension"": "".txt"", ""scope"": ""national"", ""is_normative_like"": false}, {""score"": 22, ""path"": ""content/sources/national/Guía metodológica para la elaboración del proyecto de tesis.txt"", ""extension"": "".txt"", ""scope"": ""national"", ""is_normative_like"": false}, {""score"": 22, ""path"": ""content/sources/national/UNFV_FIIS_Porras Gamarra Hernan Johel_Titulo profesional_2024.txt"", ""extension"": "".txt"", ""scope"": ""national"", ""is_normative_like"": false}, {""score"": 12, ""path"": ""content/sources/national/07_EsparzaMorgan_2025_hdl_20.500.14005-16177.pdf"", ""extension"": "".pdf"", ""scope"": ""national"", ""is_normative_like"": false}, {""score"": 12, ""path"": ""content/sources/national/08_AriasGeronimo_2025_hdl_20.500.14005-16817.pdf"", ""extension"": "".pdf"", ""scope"": ""national"", ""is_normative_like"": false}]",content/manuscript/Documento_Tesis.md,2026-04-30T02:38:19.742915+00:00
